method,scenario,split_id,alpha,selected_margin,calibration_risk_stat,test_false_safe_rate_given_unsafe,test_false_safe_rate_among_accepted,test_accepted_coverage
cp_bonferroni_upper95,exchangeable_retained_rc_wall,0,0.01,0.5,0.0063800617538442425,0.005839917554105119,0.0037971856153674335,0.4272761977476618
cp_bonferroni_upper95,exchangeable_retained_rc_wall,1,0.01,0.5,0.009877348406518102,0.003200568990042674,0.0020134228187919465,0.42660813132277153
cp_bonferroni_upper95,exchangeable_retained_rc_wall,2,0.01,0.5,0.0081642850311336,0.004561403508771929,0.0029069767441860465,0.4267990074441687
cp_bonferroni_upper95,exchangeable_retained_rc_wall,3,0.01,0.5,0.007717021996994018,0.004896817068905212,0.0031481897908702495,0.4244130559267036
cp_bonferroni_upper95,exchangeable_retained_rc_wall,4,0.01,0.5,0.008098665042393994,0.004598514326140785,0.002894033837934105,0.42870776865814086
cp_bonferroni_upper95,exchangeable_retained_rc_wall,5,0.01,0.5,0.008260314689266092,0.004509191814082553,0.002940511196561864,0.4219316663485398
cp_bonferroni_upper95,exchangeable_retained_rc_wall,6,0.01,0.5,0.00992564443131987,0.0031847133757961785,0.0020361990950226246,0.4218362282878412
cp_bonferroni_upper95,exchangeable_retained_rc_wall,7,0.01,0.5,0.007844556172414642,0.004819277108433735,0.003104901308494123,0.43033021569001717
cp_bonferroni_upper95,exchangeable_retained_rc_wall,8,0.01,0.5,0.005228266392727847,0.006678383128295255,0.0042763898266936756,0.4240313036839091
cp_bonferroni_upper95,exchangeable_retained_rc_wall,9,0.01,0.5,0.008526275884504149,0.004262877442273535,0.0026779736665922785,0.4276579499904562
cp_bonferroni_upper95,exchangeable_retained_rc_wall,10,0.01,0.5,0.008078902601488065,0.004609929078014184,0.002908928171850526,0.4265126932620729
cp_bonferroni_upper95,exchangeable_retained_rc_wall,11,0.01,0.75,0.0016872845416625061,0.0,0.0,0.1940255774002672
cp_bonferroni_upper95,exchangeable_retained_rc_wall,12,0.01,0.5,0.009970915562843895,0.0031701303275801338,0.0020143240823634737,0.4264172552013743
cp_bonferroni_upper95,exchangeable_retained_rc_wall,13,0.01,0.5,0.008869440898299098,0.003959683225341973,0.002418645558487247,0.43405230005726286
cp_bonferroni_upper95,exchangeable_retained_rc_wall,14,0.01,0.5,0.008073273892523674,0.0046132008516678496,0.002896613190730838,0.42832601641534646
cp_bonferroni_upper95,exchangeable_retained_rc_wall,15,0.01,0.5,0.008535185973437054,0.0042583392476933995,0.002686366689053056,0.4263218171406757
cp_bonferroni_upper95,exchangeable_retained_rc_wall,16,0.01,0.5,0.009510105661007613,0.0035248501938667607,0.0022396416573348264,0.4261309410192785
cp_bonferroni_upper95,exchangeable_retained_rc_wall,17,0.01,0.5,0.008789303072218773,0.004136504653567736,0.002749770852428964,0.41649169688871923
cp_bonferroni_upper95,exchangeable_retained_rc_wall,18,0.01,0.5,0.008634440315636888,0.004209049456331112,0.0026708212775428445,0.4288032067188395
cp_bonferroni_upper95,exchangeable_retained_rc_wall,19,0.01,0.5,0.009434027077908923,0.0035536602700781805,0.0022603978300180833,0.42221798053063564
cp_bonferroni_upper95,exchangeable_retained_rc_wall,20,0.01,0.5,0.008887760318321444,0.003951149425287357,0.002450434395188238,0.42842145447604507
cp_bonferroni_upper95,exchangeable_retained_rc_wall,21,0.01,0.5,0.00863748407159116,0.004207573632538569,0.0026929982046678637,0.425271998472991
cp_bonferroni_upper95,exchangeable_retained_rc_wall,22,0.01,0.5,0.006240723293785874,0.005967005967005967,0.0038236617183985606,0.42431761786600497
cp_bonferroni_upper95,exchangeable_retained_rc_wall,23,0.01,0.5,0.009120084689725992,0.003848845346396081,0.002464709836432893,0.4259400648978813
cp_bonferroni_upper95,exchangeable_retained_rc_wall,24,0.01,0.5,0.0073030915661835985,0.005201109570041609,0.0033952014486192846,0.421645352166444
cp_bonferroni_upper95,exchangeable_retained_rc_wall,25,0.01,0.5,0.008767288709740908,0.00414651002073255,0.0027247956403269754,0.4203092193166635
cp_bonferroni_upper95,exchangeable_retained_rc_wall,26,0.01,0.5,0.009398070311078756,0.0035676061362825543,0.0021968365553602814,0.43443405230005727
cp_bonferroni_upper95,exchangeable_retained_rc_wall,27,0.01,0.75,0.0017071392296979218,0.0,0.0,0.1964115289177324
cp_bonferroni_upper95,exchangeable_retained_rc_wall,28,0.01,0.5,0.006756513481751016,0.005594405594405594,0.0035802192884314163,0.4265126932620729
cp_bonferroni_upper95,exchangeable_retained_rc_wall,29,0.01,0.75,0.0016760611620920225,0.0,0.0,0.2022332506203474
cp_bonferroni_upper95,exchangeable_retained_rc_wall,30,0.01,0.5,0.007112857679959668,0.00533997864008544,0.0033193184332816995,0.4312845962970032
cp_bonferroni_upper95,exchangeable_retained_rc_wall,31,0.01,0.5,0.00964538042132859,0.003475842891901286,0.0022522522522522522,0.42374498950181333
cp_bonferroni_upper95,exchangeable_retained_rc_wall,32,0.01,0.5,0.009693640312758439,0.0034590107229332413,0.0022603978300180833,0.42221798053063564
cp_bonferroni_upper95,exchangeable_retained_rc_wall,33,0.01,0.5,0.007730683178719426,0.004888268156424581,0.003201463526183398,0.41735063943500667
cp_bonferroni_upper95,exchangeable_retained_rc_wall,34,0.01,0.5,0.007147612008403327,0.005313496280552604,0.003386004514672686,0.4227906088948273
cp_bonferroni_upper95,exchangeable_retained_rc_wall,35,0.01,0.5,0.008196045867237765,0.004543865781195386,0.0028761061946902654,0.43138003435770184
cp_bonferroni_upper95,exchangeable_retained_rc_wall,36,0.01,0.5,0.009655681331269084,0.003472222222222222,0.0022680880018144706,0.4207864096201565
cp_bonferroni_upper95,exchangeable_retained_rc_wall,37,0.01,0.75,0.0016908600607649857,0.0,0.0,0.1952662721893491
cp_bonferroni_upper95,exchangeable_retained_rc_wall,38,0.01,0.5,0.009860213530196872,0.003206270039187745,0.002007136485280999,0.427944264172552
cp_bonferroni_upper95,exchangeable_retained_rc_wall,39,0.01,0.5,0.008129916402854766,0.0045806906272022555,0.0029193801931282283,0.4249856842908952
cp_bonferroni_upper95,exchangeable_retained_rc_wall,40,0.01,0.75,0.0016443982095804114,0.0,0.0,0.20624164916968887
cp_bonferroni_upper95,exchangeable_retained_rc_wall,41,0.01,0.5,0.005802301398048889,0.006254343293954135,0.004025944978751957,0.42670356938347015
cp_bonferroni_upper95,exchangeable_retained_rc_wall,42,0.01,0.5,0.008625321905175466,0.004213483146067416,0.0027112516945323093,0.4224088566520328
cp_bonferroni_upper95,exchangeable_retained_rc_wall,43,0.01,0.5,0.007660168391412264,0.004933051444679351,0.0030803080308030805,0.433765985875167
cp_bonferroni_upper95,exchangeable_retained_rc_wall,44,0.01,0.5,0.008698813033950578,0.004178272980501393,0.0026984483921744995,0.4244130559267036
cp_bonferroni_upper95,exchangeable_retained_rc_wall,45,0.01,0.5,0.007218149602030444,0.00526131182041389,0.0033685156074556477,0.4249856842908952
cp_bonferroni_upper95,exchangeable_retained_rc_wall,46,0.01,0.5,0.005708835892868724,0.006355932203389831,0.003990246065174019,0.4305210918114144
cp_bonferroni_upper95,exchangeable_retained_rc_wall,47,0.01,0.5,0.009530154472534335,0.0035174111853675696,0.0022471910112359553,0.4246993701087994
cp_bonferroni_upper95,exchangeable_retained_rc_wall,48,0.01,0.5,0.008999285966258805,0.003900709219858156,0.0024428159005107706,0.42975758732582553
cp_bonferroni_upper95,exchangeable_retained_rc_wall,49,0.01,0.5,0.00941111374217172,0.003562522265764161,0.002244165170556553,0.425271998472991
cp_bonferroni_upper95,domain_blocked_rc_wall_to_esm,0,0.01,0.5,0.006987599001271808,0.020833333333333332,0.020048115477145148,0.33931972789115644
cp_bonferroni_upper95,event_blocked_esm_leave_one_event,seed0:esm:EMSC-20161026_0000095,0.01,,,,,0.0
cp_bonferroni_upper95,event_blocked_esm_leave_one_event,seed0:esm:EMSC-20161030_0000029,0.01,,,,,0.0
cp_bonferroni_upper95,event_blocked_esm_leave_one_event,seed0:esm:INT-20230206_0000008,0.01,,,,,0.0
cp_bonferroni_upper95,event_blocked_esm_leave_one_event,seed0:esm:INT-20230206_0000222,0.01,,,,,0.0
cp_bonferroni_upper95,event_blocked_esm_leave_one_event,seed0:esm:INT-UT19990920_174715,0.01,,,,,0.0
cp_bonferroni_upper95,event_blocked_esm_leave_one_event,seed0:esm:INT-UT19991022_021856,0.01,,,,,0.0
cp_bonferroni_upper95,event_blocked_esm_leave_one_event,seed0:esm:IS-2000-0048,0.01,,,,,0.0
cp_bonferroni_upper95,event_blocked_esm_leave_one_event,seed0:esm:IS-2000-0053,0.01,,,,,0.0
cp_bonferroni_upper95,event_blocked_esm_leave_one_event,seed0:esm:IS-2008-0054,0.01,,,,,0.0
cp_bonferroni_upper95,event_blocked_esm_leave_one_event,seed0:esm:TK-1999-0415,0.01,,,,,0.0
cp_bonferroni_upper95,event_blocked_esm_leave_one_event,seed0:esm:UZ-1976-0001,0.01,,,,,0.0
cp_bonferroni_upper95,event_blocked_esm_leave_one_event,seed1:esm:EMSC-20161026_0000095,0.01,,,,,0.0
cp_bonferroni_upper95,event_blocked_esm_leave_one_event,seed1:esm:EMSC-20161030_0000029,0.01,,,,,0.0
cp_bonferroni_upper95,event_blocked_esm_leave_one_event,seed1:esm:INT-20230206_0000008,0.01,,,,,0.0
cp_bonferroni_upper95,event_blocked_esm_leave_one_event,seed1:esm:INT-20230206_0000222,0.01,,,,,0.0
cp_bonferroni_upper95,event_blocked_esm_leave_one_event,seed1:esm:INT-UT19990920_174715,0.01,,,,,0.0
cp_bonferroni_upper95,event_blocked_esm_leave_one_event,seed1:esm:INT-UT19991022_021856,0.01,,,,,0.0
cp_bonferroni_upper95,event_blocked_esm_leave_one_event,seed1:esm:IS-2000-0048,0.01,,,,,0.0
cp_bonferroni_upper95,event_blocked_esm_leave_one_event,seed1:esm:IS-2000-0053,0.01,,,,,0.0
cp_bonferroni_upper95,event_blocked_esm_leave_one_event,seed1:esm:IS-2008-0054,0.01,,,,,0.0
cp_bonferroni_upper95,event_blocked_esm_leave_one_event,seed1:esm:TK-1999-0415,0.01,,,,,0.0
cp_bonferroni_upper95,event_blocked_esm_leave_one_event,seed1:esm:UZ-1976-0001,0.01,,,,,0.0
cp_bonferroni_upper95,event_blocked_esm_leave_one_event,seed2:esm:EMSC-20161026_0000095,0.01,,,,,0.0
cp_bonferroni_upper95,event_blocked_esm_leave_one_event,seed2:esm:EMSC-20161030_0000029,0.01,,,,,0.0
cp_bonferroni_upper95,event_blocked_esm_leave_one_event,seed2:esm:INT-20230206_0000008,0.01,,,,,0.0
cp_bonferroni_upper95,event_blocked_esm_leave_one_event,seed2:esm:INT-20230206_0000222,0.01,,,,,0.0
cp_bonferroni_upper95,event_blocked_esm_leave_one_event,seed2:esm:INT-UT19990920_174715,0.01,,,,,0.0
cp_bonferroni_upper95,event_blocked_esm_leave_one_event,seed2:esm:INT-UT19991022_021856,0.01,,,,,0.0
cp_bonferroni_upper95,event_blocked_esm_leave_one_event,seed2:esm:IS-2000-0048,0.01,,,,,0.0
cp_bonferroni_upper95,event_blocked_esm_leave_one_event,seed2:esm:IS-2000-0053,0.01,,,,,0.0
cp_bonferroni_upper95,event_blocked_esm_leave_one_event,seed2:esm:IS-2008-0054,0.01,,,,,0.0
cp_bonferroni_upper95,event_blocked_esm_leave_one_event,seed2:esm:TK-1999-0415,0.01,,,,,0.0
cp_bonferroni_upper95,event_blocked_esm_leave_one_event,seed2:esm:UZ-1976-0001,0.01,,,,,0.0
cp_bonferroni_upper95,exchangeable_retained_rc_wall,0,0.02,0.5,0.008961801058087533,0.003917378917378918,0.0024830699774266367,0.4227906088948273
cp_bonferroni_upper95,exchangeable_retained_rc_wall,1,0.02,0.5,0.008529243846445263,0.004261363636363636,0.0026851644663235625,0.4265126932620729
cp_bonferroni_upper95,exchangeable_retained_rc_wall,2,0.02,0.5,0.009614609141300448,0.003486750348675035,0.002240143369175627,0.4260355029585799
cp_bonferroni_upper95,exchangeable_retained_rc_wall,3,0.02,0.5,0.009168665870858527,0.0038287504350852765,0.002497729336966394,0.4203092193166635
cp_bonferroni_upper95,exchangeable_retained_rc_wall,4,0.02,0.5,0.0076925531553286765,0.004912280701754386,0.0031645569620253164,0.42221798053063564
cp_bonferroni_upper95,exchangeable_retained_rc_wall,5,0.02,0.5,0.009385062985155719,0.0035727045373347625,0.0022271714922048997,0.42851689253674363
cp_bonferroni_upper95,exchangeable_retained_rc_wall,6,0.02,0.5,0.009087982241886389,0.0038623595505617976,0.002466367713004484,0.42565375071578543
cp_bonferroni_upper95,exchangeable_retained_rc_wall,7,0.02,0.5,0.008589040042682041,0.004231311706629055,0.0026972353337828725,0.42460393204810076
cp_bonferroni_upper95,exchangeable_retained_rc_wall,8,0.02,0.5,0.009956942061241094,0.0031746031746031746,0.0020274836674926784,0.4236495514411147
cp_bonferroni_upper95,exchangeable_retained_rc_wall,9,0.02,0.5,0.008190252802506643,0.004547044421126268,0.0029431741000679195,0.4215499141057454
cp_bonferroni_upper95,exchangeable_retained_rc_wall,10,0.02,0.5,0.010352974701726561,0.0028368794326241137,0.0017949293246578416,0.42536743653368964
cp_bonferroni_upper95,exchangeable_retained_rc_wall,11,0.02,0.5,0.007657481964855941,0.004934790271413465,0.0031340944705618985,0.4263218171406757
cp_bonferroni_upper95,exchangeable_retained_rc_wall,12,0.02,0.5,0.007243680194376923,0.005242922055225445,0.0033549541489599644,0.42670356938347015
cp_bonferroni_upper95,exchangeable_retained_rc_wall,13,0.02,0.5,0.009181708387941303,0.0038234271810914148,0.0024658148397220356,0.42574918877648404
cp_bonferroni_upper95,exchangeable_retained_rc_wall,14,0.02,0.5,0.007730683178719426,0.004888268156424581,0.0031753232025402587,0.4207864096201565
cp_bonferroni_upper95,exchangeable_retained_rc_wall,15,0.02,0.5,0.008986756203350845,0.00390625,0.0024336283185840708,0.43138003435770184
cp_bonferroni_upper95,exchangeable_retained_rc_wall,16,0.02,0.5,0.008742264086354522,0.004158004158004158,0.002745995423340961,0.4170643252529109
cp_bonferroni_upper95,exchangeable_retained_rc_wall,17,0.02,0.5,0.008110001335952199,0.0045920169551395265,0.002908928171850526,0.4265126932620729
cp_bonferroni_upper95,exchangeable_retained_rc_wall,18,0.02,0.5,0.007741646998236705,0.0048814504881450485,0.003162412468940592,0.42250429471273143
cp_bonferroni_upper95,exchangeable_retained_rc_wall,19,0.02,0.5,0.0071902730088410985,0.00528169014084507,0.0033921302578018998,0.4220271044092384
cp_bonferroni_upper95,exchangeable_retained_rc_wall,20,0.02,0.5,0.008717381912276216,0.004169562195969423,0.0026996625421822273,0.42422217980530635
cp_bonferroni_upper95,exchangeable_retained_rc_wall,21,0.02,0.5,0.006143342852830054,0.006062767475035664,0.0037929495760821064,0.4277533880511548
cp_bonferroni_upper95,exchangeable_retained_rc_wall,22,0.02,0.5,0.008846422378801821,0.0041109969167523125,0.0027210884353741495,0.4208818476808551
cp_bonferroni_upper95,exchangeable_retained_rc_wall,23,0.02,0.5,0.010098464574228614,0.003130434782608696,0.0020288548241659153,0.4233632372590189
cp_bonferroni_upper95,exchangeable_retained_rc_wall,24,0.02,0.5,0.007334477342748233,0.0051795580110497235,0.0033738191632928477,0.42431761786600497
cp_bonferroni_upper95,exchangeable_retained_rc_wall,25,0.02,0.5,0.009594203798666781,0.0034940600978336828,0.0022371364653243847,0.42660813132277153
cp_bonferroni_upper95,exchangeable_retained_rc_wall,26,0.02,0.5,0.008869440898299098,0.003959683225341973,0.0024390243902439024,0.4304256537507158
cp_bonferroni_upper95,exchangeable_retained_rc_wall,27,0.02,0.5,0.007730683178719426,0.004888268156424581,0.003113879003558719,0.4290895209009353
cp_bonferroni_upper95,exchangeable_retained_rc_wall,28,0.02,0.5,0.008511467004156144,0.004270462633451958,0.002674392689993314,0.42823057835464784
cp_bonferroni_upper95,exchangeable_retained_rc_wall,29,0.02,0.5,0.009100796062953906,0.0038569424964936885,0.002463605823068309,0.4261309410192785
cp_bonferroni_upper95,exchangeable_retained_rc_wall,30,0.02,0.5,0.0068167734763359775,0.005545927209705373,0.0036076662908680946,0.4232677991983203
cp_bonferroni_upper95,exchangeable_retained_rc_wall,31,0.02,0.5,0.0067208661737216385,0.00562390158172232,0.003576218149307108,0.42698988356556594
cp_bonferroni_upper95,exchangeable_retained_rc_wall,32,0.02,0.5,0.007684431320432678,0.004917456972251493,0.003098716246126605,0.43118915823630466
cp_bonferroni_upper95,exchangeable_retained_rc_wall,33,0.02,0.5,0.005738981171994396,0.006322444678609062,0.004076086956521739,0.42145447604504677
cp_bonferroni_upper95,exchangeable_retained_rc_wall,34,0.02,0.5,0.01137175220784833,0.002103049421661409,0.0013464991023339318,0.425271998472991
cp_bonferroni_upper95,exchangeable_retained_rc_wall,35,0.02,0.5,0.008201847132751624,0.0045406915822563745,0.0029511918274687855,0.4204046573773621
cp_bonferroni_upper95,exchangeable_retained_rc_wall,36,0.02,0.5,0.00897114297910334,0.003913198150124511,0.002473577692826625,0.4244130559267036
cp_bonferroni_upper95,exchangeable_retained_rc_wall,37,0.02,0.5,0.008415003924844015,0.004321209938782859,0.002640845070422535,0.4336705478144684
cp_bonferroni_upper95,exchangeable_retained_rc_wall,38,0.02,0.5,0.009171923025142765,0.003827418232428671,0.00246415770609319,0.4260355029585799
cp_bonferroni_upper95,exchangeable_retained_rc_wall,39,0.02,0.5,0.007205451674522672,0.005270555165144062,0.003383713061132416,0.4230769230769231
cp_bonferroni_upper95,exchangeable_retained_rc_wall,40,0.02,0.5,0.007564629723738732,0.004996431120628123,0.0031446540880503146,0.4248902462301966
cp_bonferroni_upper95,exchangeable_retained_rc_wall,41,0.02,0.5,0.006725597399779259,0.005619950825430277,0.0035531867643793028,0.42975758732582553
cp_bonferroni_upper95,exchangeable_retained_rc_wall,42,0.02,0.5,0.00897114297910334,0.003913198150124511,0.002464709836432893,0.4259400648978813
cp_bonferroni_upper95,exchangeable_retained_rc_wall,43,0.02,0.5,0.007662856703548887,0.004931313842902431,0.0031014621178555605,0.4308074059935102
cp_bonferroni_upper95,exchangeable_retained_rc_wall,44,0.02,0.5,0.008589040042682041,0.004231311706629055,0.0027008777852802163,0.4240313036839091
cp_bonferroni_upper95,exchangeable_retained_rc_wall,45,0.02,0.5,0.007588290272874842,0.004980434009249377,0.0031124944419742106,0.4292803970223325
cp_bonferroni_upper95,exchangeable_retained_rc_wall,46,0.02,0.5,0.007660168391412264,0.004933051444679351,0.0031425364758698093,0.4251765604122924
cp_bonferroni_upper95,exchangeable_retained_rc_wall,47,0.02,0.5,0.007248808000536188,0.005239259517988124,0.0033692722371967657,0.4248902462301966
cp_bonferroni_upper95,exchangeable_retained_rc_wall,48,0.02,0.5,0.008172922639485554,0.004556607080266386,0.0028998438545616775,0.42784882611185343
cp_bonferroni_upper95,exchangeable_retained_rc_wall,49,0.02,0.5,0.007248808000536188,0.005239259517988124,0.003356455582904453,0.4265126932620729
cp_bonferroni_upper95,domain_blocked_rc_wall_to_esm,0,0.02,0.5,0.006987599001271808,0.020833333333333332,0.020048115477145148,0.33931972789115644
cp_bonferroni_upper95,event_blocked_esm_leave_one_event,seed0:esm:EMSC-20161026_0000095,0.02,0.75,0.011897389017134276,,0.0,0.5102040816326531
cp_bonferroni_upper95,event_blocked_esm_leave_one_event,seed0:esm:EMSC-20161030_0000029,0.02,0.75,0.013624081923536834,0.0,0.0,0.008333333333333333
cp_bonferroni_upper95,event_blocked_esm_leave_one_event,seed0:esm:INT-20230206_0000008,0.02,0.75,0.014490006015071815,0.0,0.0,0.44541484716157204
cp_bonferroni_upper95,event_blocked_esm_leave_one_event,seed0:esm:INT-20230206_0000222,0.02,0.75,0.012685496735571417,0.0,0.0,0.02564102564102564
cp_bonferroni_upper95,event_blocked_esm_leave_one_event,seed0:esm:INT-UT19990920_174715,0.02,0.75,0.01867187251494627,0.0,0.0,0.010050251256281407
cp_bonferroni_upper95,event_blocked_esm_leave_one_event,seed0:esm:INT-UT19991022_021856,0.02,0.75,0.011897389017134276,,0.0,0.527027027027027
cp_bonferroni_upper95,event_blocked_esm_leave_one_event,seed0:esm:IS-2000-0048,0.02,0.75,0.011897389017134276,,0.0,0.05128205128205128
cp_bonferroni_upper95,event_blocked_esm_leave_one_event,seed0:esm:IS-2000-0053,0.02,0.75,0.013066334331128453,0.0,0.0,0.1791044776119403
cp_bonferroni_upper95,event_blocked_esm_leave_one_event,seed0:esm:IS-2008-0054,0.02,0.75,0.011956816037693208,0.0,0.0,0.023809523809523808
cp_bonferroni_upper95,event_blocked_esm_leave_one_event,seed0:esm:TK-1999-0415,0.02,0.75,0.012685496735571417,0.0,0.0,0.037037037037037035
cp_bonferroni_upper95,event_blocked_esm_leave_one_event,seed0:esm:UZ-1976-0001,0.02,0.75,0.013320822995623694,0.0,0.0,0.04838709677419355
cp_bonferroni_upper95,event_blocked_esm_leave_one_event,seed1:esm:EMSC-20161026_0000095,0.02,0.75,0.011897389017134276,,0.0,0.5102040816326531
cp_bonferroni_upper95,event_blocked_esm_leave_one_event,seed1:esm:EMSC-20161030_0000029,0.02,0.75,0.013624081923536834,0.0,0.0,0.0
cp_bonferroni_upper95,event_blocked_esm_leave_one_event,seed1:esm:INT-20230206_0000008,0.02,0.75,0.014490006015071815,0.0,0.0,0.4192139737991266
cp_bonferroni_upper95,event_blocked_esm_leave_one_event,seed1:esm:INT-20230206_0000222,0.02,0.75,0.012685496735571417,0.0,0.0,0.0
cp_bonferroni_upper95,event_blocked_esm_leave_one_event,seed1:esm:INT-UT19990920_174715,0.02,0.75,0.01867187251494627,0.0,0.0,0.04020100502512563
cp_bonferroni_upper95,event_blocked_esm_leave_one_event,seed1:esm:INT-UT19991022_021856,0.02,0.75,0.011897389017134276,,0.0,0.527027027027027
cp_bonferroni_upper95,event_blocked_esm_leave_one_event,seed1:esm:IS-2000-0048,0.02,0.75,0.011897389017134276,,0.0,0.05128205128205128
cp_bonferroni_upper95,event_blocked_esm_leave_one_event,seed1:esm:IS-2000-0053,0.02,0.75,0.013066334331128453,0.0,0.0,0.12686567164179105
cp_bonferroni_upper95,event_blocked_esm_leave_one_event,seed1:esm:IS-2008-0054,0.02,0.75,0.011956816037693208,0.0,0.0,0.03571428571428571
cp_bonferroni_upper95,event_blocked_esm_leave_one_event,seed1:esm:TK-1999-0415,0.02,0.75,0.012685496735571417,0.0,0.0,0.037037037037037035
cp_bonferroni_upper95,event_blocked_esm_leave_one_event,seed1:esm:UZ-1976-0001,0.02,0.75,0.013320822995623694,0.0,0.0,0.016129032258064516
cp_bonferroni_upper95,event_blocked_esm_leave_one_event,seed2:esm:EMSC-20161026_0000095,0.02,0.75,0.011897389017134276,,0.0,0.5102040816326531
cp_bonferroni_upper95,event_blocked_esm_leave_one_event,seed2:esm:EMSC-20161030_0000029,0.02,0.75,0.013624081923536834,0.0,0.0,0.0
cp_bonferroni_upper95,event_blocked_esm_leave_one_event,seed2:esm:INT-20230206_0000008,0.02,0.75,0.014490006015071815,0.0,0.0,0.4759825327510917
cp_bonferroni_upper95,event_blocked_esm_leave_one_event,seed2:esm:INT-20230206_0000222,0.02,0.75,0.012685496735571417,0.0,0.0,0.02564102564102564
cp_bonferroni_upper95,event_blocked_esm_leave_one_event,seed2:esm:INT-UT19990920_174715,0.02,0.75,0.01867187251494627,0.0,0.0,0.01507537688442211
cp_bonferroni_upper95,event_blocked_esm_leave_one_event,seed2:esm:INT-UT19991022_021856,0.02,0.75,0.011897389017134276,,0.0,0.4864864864864865
cp_bonferroni_upper95,event_blocked_esm_leave_one_event,seed2:esm:IS-2000-0048,0.02,0.75,0.011897389017134276,,0.0,0.05128205128205128
cp_bonferroni_upper95,event_blocked_esm_leave_one_event,seed2:esm:IS-2000-0053,0.02,0.75,0.013066334331128453,0.0,0.0,0.15671641791044777
cp_bonferroni_upper95,event_blocked_esm_leave_one_event,seed2:esm:IS-2008-0054,0.02,0.75,0.011956816037693208,0.0,0.0,0.023809523809523808
cp_bonferroni_upper95,event_blocked_esm_leave_one_event,seed2:esm:TK-1999-0415,0.02,0.75,0.012685496735571417,0.0,0.0,0.037037037037037035
cp_bonferroni_upper95,event_blocked_esm_leave_one_event,seed2:esm:UZ-1976-0001,0.02,0.75,0.013320822995623694,0.0,0.0,0.0
cp_bonferroni_upper95,exchangeable_retained_rc_wall,0,0.05,0.5,0.00820765661647406,0.004537521815008726,0.0029639762881896944,0.41859133422408856
cp_bonferroni_upper95,exchangeable_retained_rc_wall,1,0.05,0.5,0.008022966256954466,0.004642857142857143,0.002935862691960253,0.42259973277343005
cp_bonferroni_upper95,exchangeable_retained_rc_wall,2,0.05,0.5,0.009091182313152892,0.003861003861003861,0.0024724657226342997,0.42460393204810076
cp_bonferroni_upper95,exchangeable_retained_rc_wall,3,0.05,0.5,0.00935915605082663,0.0035829451809387316,0.0022396416573348264,0.4261309410192785
cp_bonferroni_upper95,exchangeable_retained_rc_wall,4,0.05,0.5,0.007100527185228714,0.005349500713266762,0.0033579583613163196,0.4263218171406757
cp_bonferroni_upper95,exchangeable_retained_rc_wall,5,0.05,0.5,0.009005563958996035,0.0038979447200566974,0.002434705621956618,0.43118915823630466
cp_bonferroni_upper95,exchangeable_retained_rc_wall,6,0.05,0.5,0.007233446315708785,0.005250262513125656,0.003311989401633915,0.4322389769039893
cp_bonferroni_upper95,exchangeable_retained_rc_wall,7,0.05,0.5,0.008574012528654824,0.0042387848816672555,0.0026637069922308544,0.42994846344722276
cp_bonferroni_upper95,exchangeable_retained_rc_wall,8,0.05,0.5,0.007274556317177028,0.005221023320570832,0.0033311125916055963,0.42975758732582553
cp_bonferroni_upper95,exchangeable_retained_rc_wall,9,0.05,0.5,0.008101496143618667,0.004596888260254597,0.0028888888888888888,0.42947127314372974
cp_bonferroni_upper95,exchangeable_retained_rc_wall,10,0.05,0.5,0.008604120325903169,0.004223864836325237,0.0026875699888017916,0.4261309410192785
cp_bonferroni_upper95,exchangeable_retained_rc_wall,11,0.05,0.5,0.007200385003840993,0.005274261603375527,0.0033274179236912156,0.43023477762931855
cp_bonferroni_upper95,exchangeable_retained_rc_wall,12,0.05,0.5,0.007308303862021102,0.005197505197505198,0.0034036759700476512,0.4205955334987593
cp_bonferroni_upper95,exchangeable_retained_rc_wall,13,0.05,0.5,0.00955365185486147,0.0035087719298245615,0.0022361359570661895,0.4267990074441687
cp_bonferroni_upper95,exchangeable_retained_rc_wall,14,0.05,0.5,0.010536578390431641,0.0027874564459930314,0.0017893088794453142,0.42670356938347015
cp_bonferroni_upper95,exchangeable_retained_rc_wall,15,0.05,0.5,0.00816716220460616,0.004559803577692038,0.0028972587474927567,0.42823057835464784
cp_bonferroni_upper95,exchangeable_retained_rc_wall,16,0.05,0.5,0.0081642850311336,0.004561403508771929,0.0029180695847362513,0.4251765604122924
cp_bonferroni_upper95,exchangeable_retained_rc_wall,17,0.05,0.5,0.007794152705355674,0.0048493245583650845,0.003148897885739991,0.42431761786600497
cp_bonferroni_upper95,exchangeable_retained_rc_wall,18,0.05,0.5,0.007185227654565825,0.005285412262156448,0.003341501447983961,0.42842145447604507
cp_bonferroni_upper95,exchangeable_retained_rc_wall,19,0.05,0.5,0.009863635747834712,0.003205128205128205,0.0019995556542990447,0.42956671120442835
cp_bonferroni_upper95,exchangeable_retained_rc_wall,20,0.05,0.5,0.00960779772309359,0.0034891835310537334,0.0022456770716370988,0.4249856842908952
cp_bonferroni_upper95,exchangeable_retained_rc_wall,21,0.05,0.5,0.0062716521921843005,0.005937827453719874,0.003827966674172484,0.42384042756251195
cp_bonferroni_upper95,exchangeable_retained_rc_wall,22,0.05,0.5,0.00892462712671498,0.003934191702432046,0.0024341668510732464,0.4312845962970032
cp_bonferroni_upper95,exchangeable_retained_rc_wall,23,0.05,0.5,0.008652735097024343,0.004200210010500525,0.0027112516945323093,0.4224088566520328
cp_bonferroni_upper95,exchangeable_retained_rc_wall,24,0.05,0.5,0.00903708576979684,0.003884180790960452,0.002463605823068309,0.4261309410192785
cp_bonferroni_upper95,exchangeable_retained_rc_wall,25,0.05,0.5,0.008930801350674155,0.003931379556826304,0.0024304021210782146,0.4319526627218935
cp_bonferroni_upper95,exchangeable_retained_rc_wall,26,0.05,0.5,0.008622286713281536,0.004214963119072708,0.0026714158504007124,0.42870776865814086
cp_bonferroni_upper95,exchangeable_retained_rc_wall,27,0.05,0.5,0.007665546903251896,0.004929577464788733,0.003131991051454139,0.42660813132277153
cp_bonferroni_upper95,exchangeable_retained_rc_wall,28,0.05,0.5,0.008242687083299312,0.0045185957594716716,0.002925950934053567,0.4240313036839091
cp_bonferroni_upper95,exchangeable_retained_rc_wall,29,0.05,0.5,0.005645572679929109,0.0064285714285714285,0.004027746699485343,0.4265126932620729
cp_bonferroni_upper95,exchangeable_retained_rc_wall,30,0.05,0.5,0.008589040042682041,0.004231311706629055,0.002696629213483146,0.4246993701087994
cp_bonferroni_upper95,exchangeable_retained_rc_wall,31,0.05,0.5,0.007625391202371628,0.00495575221238938,0.003138309796009863,0.42574918877648404
cp_bonferroni_upper95,exchangeable_retained_rc_wall,32,0.05,0.5,0.009600995949038394,0.0034916201117318434,0.0022629554197782305,0.42174079022714256
cp_bonferroni_upper95,exchangeable_retained_rc_wall,33,0.05,0.5,0.008628359234692868,0.004212004212004212,0.0026911863646557526,0.42555831265508687
cp_bonferroni_upper95,exchangeable_retained_rc_wall,34,0.05,0.5,0.008090183598328452,0.004603399433427762,0.0029161058770749214,0.42546287459438825
cp_bonferroni_upper95,exchangeable_retained_rc_wall,35,0.05,0.5,0.007135160828339062,0.00532292405961675,0.003355704697986577,0.42660813132277153
cp_bonferroni_upper95,exchangeable_retained_rc_wall,36,0.05,0.5,0.01036019590872622,0.002834868887313962,0.0017873100983020554,0.4271807596869632
cp_bonferroni_upper95,exchangeable_retained_rc_wall,37,0.05,0.5,0.006785304752011799,0.005571030640668524,0.003554765607642746,0.42956671120442835
cp_bonferroni_upper95,exchangeable_retained_rc_wall,38,0.05,0.5,0.008201847132751624,0.0045406915822563745,0.002892745883400089,0.4288986447795381
cp_bonferroni_upper95,exchangeable_retained_rc_wall,39,0.05,0.5,0.008184467921181162,0.004550227511375569,0.002928587519711647,0.4236495514411147
cp_bonferroni_upper95,exchangeable_retained_rc_wall,40,0.05,0.5,0.008260314689266092,0.004509191814082553,0.0029552170947942714,0.41983202901317046
cp_bonferroni_upper95,exchangeable_retained_rc_wall,41,0.05,0.5,0.00894937538628375,0.0039229671897289585,0.0024509803921568627,0.42832601641534646
cp_bonferroni_upper95,exchangeable_retained_rc_wall,42,0.05,0.5,0.009168665870858527,0.0038287504350852765,0.00244173140954495,0.42994846344722276
cp_bonferroni_upper95,exchangeable_retained_rc_wall,43,0.05,0.5,0.008714281595927338,0.004171011470281543,0.002697841726618705,0.4245084939874022
cp_bonferroni_upper95,exchangeable_retained_rc_wall,44,0.05,0.5,0.004713009114582919,0.007024938531787847,0.0044782803403493054,0.42622637907997707
cp_bonferroni_upper95,exchangeable_retained_rc_wall,45,0.05,0.5,0.007205451674522672,0.005270555165144062,0.003427004797806717,0.41773239167780113
cp_bonferroni_upper95,exchangeable_retained_rc_wall,46,0.05,0.5,0.007251374627055541,0.005237430167597765,0.003341501447983961,0.42842145447604507
cp_bonferroni_upper95,exchangeable_retained_rc_wall,47,0.05,0.5,0.006604711494030886,0.005724508050089445,0.0036011703803736214,0.4240313036839091
cp_bonferroni_upper95,exchangeable_retained_rc_wall,48,0.05,0.5,0.007253943071773605,0.005235602094240838,0.003348961821835231,0.42746707386905897
cp_bonferroni_upper95,exchangeable_retained_rc_wall,49,0.05,0.5,0.007791371497483634,0.004851004851004851,0.0031376064545047063,0.42584462683718266
cp_bonferroni_upper95,domain_blocked_rc_wall_to_esm,0,0.05,0.5,0.006987599001271808,0.020833333333333332,0.020048115477145148,0.33931972789115644
cp_bonferroni_upper95,event_blocked_esm_leave_one_event,seed0:esm:EMSC-20161026_0000095,0.05,0.5,0.04716791367825363,,0.0,0.5306122448979592
cp_bonferroni_upper95,event_blocked_esm_leave_one_event,seed0:esm:EMSC-20161030_0000029,0.05,0.75,0.013624081923536834,0.0,0.0,0.008333333333333333
cp_bonferroni_upper95,event_blocked_esm_leave_one_event,seed0:esm:INT-20230206_0000008,0.05,0.75,0.014490006015071815,0.0,0.0,0.44541484716157204
cp_bonferroni_upper95,event_blocked_esm_leave_one_event,seed0:esm:INT-20230206_0000222,0.05,0.75,0.012685496735571417,0.0,0.0,0.02564102564102564
cp_bonferroni_upper95,event_blocked_esm_leave_one_event,seed0:esm:INT-UT19990920_174715,0.05,0.75,0.01867187251494627,0.0,0.0,0.010050251256281407
cp_bonferroni_upper95,event_blocked_esm_leave_one_event,seed0:esm:INT-UT19991022_021856,0.05,0.5,0.04716791367825363,,0.0,0.9459459459459459
cp_bonferroni_upper95,event_blocked_esm_leave_one_event,seed0:esm:IS-2000-0048,0.05,0.5,0.04716791367825363,,0.0,0.5641025641025641
cp_bonferroni_upper95,event_blocked_esm_leave_one_event,seed0:esm:IS-2000-0053,0.05,0.5,0.04421702925302513,0.05555555555555555,0.03278688524590164,0.4552238805970149
cp_bonferroni_upper95,event_blocked_esm_leave_one_event,seed0:esm:IS-2008-0054,0.05,0.5,0.047401909291794886,0.0,0.0,0.34523809523809523
cp_bonferroni_upper95,event_blocked_esm_leave_one_event,seed0:esm:TK-1999-0415,0.05,0.5,0.02718194317143407,0.24,0.8571428571428571,0.25925925925925924
cp_bonferroni_upper95,event_blocked_esm_leave_one_event,seed0:esm:UZ-1976-0001,0.05,0.75,0.013320822995623694,0.0,0.0,0.04838709677419355
cp_bonferroni_upper95,event_blocked_esm_leave_one_event,seed1:esm:EMSC-20161026_0000095,0.05,0.75,0.011897389017134276,,0.0,0.5102040816326531
cp_bonferroni_upper95,event_blocked_esm_leave_one_event,seed1:esm:EMSC-20161030_0000029,0.05,0.75,0.013624081923536834,0.0,0.0,0.0
cp_bonferroni_upper95,event_blocked_esm_leave_one_event,seed1:esm:INT-20230206_0000008,0.05,0.75,0.014490006015071815,0.0,0.0,0.4192139737991266
cp_bonferroni_upper95,event_blocked_esm_leave_one_event,seed1:esm:INT-20230206_0000222,0.05,0.75,0.012685496735571417,0.0,0.0,0.0
cp_bonferroni_upper95,event_blocked_esm_leave_one_event,seed1:esm:INT-UT19990920_174715,0.05,0.75,0.01867187251494627,0.0,0.0,0.04020100502512563
cp_bonferroni_upper95,event_blocked_esm_leave_one_event,seed1:esm:INT-UT19991022_021856,0.05,0.75,0.011897389017134276,,0.0,0.527027027027027
cp_bonferroni_upper95,event_blocked_esm_leave_one_event,seed1:esm:IS-2000-0048,0.05,0.75,0.011897389017134276,,0.0,0.05128205128205128
cp_bonferroni_upper95,event_blocked_esm_leave_one_event,seed1:esm:IS-2000-0053,0.05,0.75,0.013066334331128453,0.0,0.0,0.12686567164179105
cp_bonferroni_upper95,event_blocked_esm_leave_one_event,seed1:esm:IS-2008-0054,0.05,0.75,0.011956816037693208,0.0,0.0,0.03571428571428571
cp_bonferroni_upper95,event_blocked_esm_leave_one_event,seed1:esm:TK-1999-0415,0.05,0.5,0.03529828533834672,0.24,0.8571428571428571,0.25925925925925924
cp_bonferroni_upper95,event_blocked_esm_leave_one_event,seed1:esm:UZ-1976-0001,0.05,0.75,0.013320822995623694,0.0,0.0,0.016129032258064516
cp_bonferroni_upper95,event_blocked_esm_leave_one_event,seed2:esm:EMSC-20161026_0000095,0.05,0.5,0.03311533087283383,,0.0,0.5510204081632653
cp_bonferroni_upper95,event_blocked_esm_leave_one_event,seed2:esm:EMSC-20161030_0000029,0.05,0.5,0.033624033112055356,0.0196078431372549,0.05,0.08333333333333333
cp_bonferroni_upper95,event_blocked_esm_leave_one_event,seed2:esm:INT-20230206_0000008,0.05,0.5,0.040291495974291394,0.0,0.0,0.537117903930131
cp_bonferroni_upper95,event_blocked_esm_leave_one_event,seed2:esm:INT-20230206_0000222,0.05,0.5,0.03529828533834672,0.0,0.0,0.20512820512820512
cp_bonferroni_upper95,event_blocked_esm_leave_one_event,seed2:esm:INT-UT19990920_174715,0.05,0.75,0.01867187251494627,0.0,0.0,0.01507537688442211
cp_bonferroni_upper95,event_blocked_esm_leave_one_event,seed2:esm:INT-UT19991022_021856,0.05,0.5,0.03311533087283383,,0.0,0.918918918918919
cp_bonferroni_upper95,event_blocked_esm_leave_one_event,seed2:esm:IS-2000-0048,0.05,0.5,0.03311533087283383,,0.0,0.5128205128205128
cp_bonferroni_upper95,event_blocked_esm_leave_one_event,seed2:esm:IS-2000-0053,0.05,0.5,0.023510286387674603,0.08333333333333333,0.047619047619047616,0.4701492537313433
cp_bonferroni_upper95,event_blocked_esm_leave_one_event,seed2:esm:IS-2008-0054,0.05,0.5,0.033279982476874186,0.0,0.0,0.32142857142857145
cp_bonferroni_upper95,event_blocked_esm_leave_one_event,seed2:esm:TK-1999-0415,0.05,0.5,0.03131726827225783,0.04,0.5,0.07407407407407407
cp_bonferroni_upper95,event_blocked_esm_leave_one_event,seed2:esm:UZ-1976-0001,0.05,0.5,0.03705708139910944,0.0,0.0,0.11290322580645161
cp_bonferroni_upper95,exchangeable_retained_rc_wall,0,0.1,0.25,0.05826664679096954,0.04884225759768451,0.021700691207201413,0.5937201756060316
cp_bonferroni_upper95,exchangeable_retained_rc_wall,1,0.1,0.25,0.056938459107488924,0.05017543859649123,0.023515869100476896,0.5803588471082267
cp_bonferroni_upper95,exchangeable_retained_rc_wall,2,0.1,0.25,0.05907630880698996,0.04825174825174825,0.02275350370981039,0.5788318381370491
cp_bonferroni_upper95,exchangeable_retained_rc_wall,3,0.1,0.25,0.06098723976785277,0.04634581105169341,0.021158854166666668,0.586371444932239
cp_bonferroni_upper95,exchangeable_retained_rc_wall,4,0.1,0.25,0.06325926500419561,0.044452222611130555,0.02076520601700458,0.583699179232678
cp_bonferroni_upper95,exchangeable_retained_rc_wall,5,0.1,0.25,0.06336073266738991,0.04421648390519986,0.020444880601897284,0.5835083031112808
cp_bonferroni_upper95,exchangeable_retained_rc_wall,6,0.1,0.25,0.05946198972423641,0.04782146652497343,0.02199055220719987,0.5858942546287459
cp_bonferroni_upper95,exchangeable_retained_rc_wall,7,0.1,0.25,0.058235227560162035,0.04895352962043278,0.022556390977443608,0.5838900553540752
cp_bonferroni_upper95,exchangeable_retained_rc_wall,8,0.1,0.25,0.060333827982279896,0.04697508896797153,0.021505376344086023,0.5857988165680473
cp_bonferroni_upper95,exchangeable_retained_rc_wall,9,0.1,0.25,0.05943151857619189,0.04788732394366197,0.022408963585434174,0.5792135903798434
cp_bonferroni_upper95,exchangeable_retained_rc_wall,10,0.1,0.25,0.05877365541195899,0.04843304843304843,0.022189590471528797,0.5849398740217598
cp_bonferroni_upper95,exchangeable_retained_rc_wall,11,0.1,0.25,0.05579307860208604,0.05121865065347934,0.02380170715692712,0.5814086657759114
cp_bonferroni_upper95,exchangeable_retained_rc_wall,12,0.1,0.25,0.0592595508847059,0.048250084947332655,0.023548922056384744,0.5754915060125978
cp_bonferroni_upper95,exchangeable_retained_rc_wall,13,0.1,0.25,0.05581254321128848,0.05120056497175141,0.023565740289289778,0.5872303874785264
cp_bonferroni_upper95,exchangeable_retained_rc_wall,14,0.1,0.25,0.0641894451811971,0.043462897526501766,0.020230263157894737,0.5802634090475282
cp_bonferroni_upper95,exchangeable_retained_rc_wall,15,0.1,0.25,0.0567027303811521,0.05039972193256865,0.023817345597897503,0.581026913533117
cp_bonferroni_upper95,exchangeable_retained_rc_wall,16,0.1,0.25,0.05825816989683512,0.04896090172595984,0.022753314781469962,0.5830311128077877
cp_bonferroni_upper95,exchangeable_retained_rc_wall,17,0.1,0.25,0.05332927819372969,0.05327451645741432,0.026001987413050678,0.5762550104981867
cp_bonferroni_upper95,exchangeable_retained_rc_wall,18,0.1,0.25,0.062154744135762496,0.04553354188390685,0.021613595116317438,0.5784500858942546
cp_bonferroni_upper95,exchangeable_retained_rc_wall,19,0.1,0.25,0.0586478257217933,0.04863540937718684,0.022764493940386505,0.582744798625692
cp_bonferroni_upper95,exchangeable_retained_rc_wall,20,0.1,0.25,0.06381441514566909,0.04363376251788269,0.019960732984293194,0.5833174269898835
cp_bonferroni_upper95,exchangeable_retained_rc_wall,21,0.1,0.25,0.060253474853650554,0.04723862452240361,0.02250537812344862,0.5767322008016798
cp_bonferroni_upper95,exchangeable_retained_rc_wall,22,0.1,0.25,0.060756323834709955,0.046528274874731566,0.02125224783390551,0.5837946172933766
cp_bonferroni_upper95,exchangeable_retained_rc_wall,23,0.1,0.25,0.058540147711742686,0.048694424841213835,0.02245362837617963,0.5865623210536361
cp_bonferroni_upper95,exchangeable_retained_rc_wall,24,0.1,0.25,0.05551890412429282,0.05148373257061137,0.023240800516462233,0.5913342240885665
cp_bonferroni_upper95,exchangeable_retained_rc_wall,25,0.1,0.25,0.05931600341117707,0.04809688581314879,0.023013245033112584,0.5764458866195838
cp_bonferroni_upper95,exchangeable_retained_rc_wall,26,0.1,0.25,0.05832818603451749,0.048982407726802346,0.02333607230895645,0.5807405993510212
cp_bonferroni_upper95,exchangeable_retained_rc_wall,27,0.1,0.25,0.06026706339313169,0.047079646017699116,0.021749795584627963,0.5836037411719794
cp_bonferroni_upper95,exchangeable_retained_rc_wall,28,0.1,0.25,0.0509180569924578,0.055517002081887576,0.02618657937806874,0.5831265508684863
cp_bonferroni_upper95,exchangeable_retained_rc_wall,29,0.1,0.25,0.05532821165412279,0.05166846071044134,0.02340321794246709,0.5872303874785264
cp_bonferroni_upper95,exchangeable_retained_rc_wall,30,0.1,0.25,0.059857439448229466,0.047501759324419426,0.021997718755092065,0.5857033785073488
cp_bonferroni_upper95,exchangeable_retained_rc_wall,31,0.1,0.25,0.05960707238806517,0.04770318021201413,0.022211253701875617,0.5800725329261309
cp_bonferroni_upper95,exchangeable_retained_rc_wall,32,0.1,0.25,0.05824976914690059,0.04888569374550683,0.022284122562674095,0.5824584844435962
cp_bonferroni_upper95,exchangeable_retained_rc_wall,33,0.1,0.25,0.052228023125838456,0.054344063689858085,0.02559087204563977,0.5855125023859515
cp_bonferroni_upper95,exchangeable_retained_rc_wall,34,0.1,0.25,0.06272744911782241,0.044674767691208005,0.02039484418339044,0.5849398740217598
cp_bonferroni_upper95,exchangeable_retained_rc_wall,35,0.1,0.25,0.060343235681639615,0.04712041884816754,0.022218564845292957,0.5798816568047337
cp_bonferroni_upper95,exchangeable_retained_rc_wall,36,0.1,0.25,0.05851516122550469,0.04868514570007108,0.022525485037816508,0.5804542851689254
cp_bonferroni_upper95,exchangeable_retained_rc_wall,37,0.1,0.25,0.05821980165174946,0.049019607843137254,0.022857142857142857,0.5845581217789655
cp_bonferroni_upper95,exchangeable_retained_rc_wall,38,0.1,0.25,0.05938997100577097,0.04792107117688513,0.022276822276822275,0.5826493605649933
cp_bonferroni_upper95,exchangeable_retained_rc_wall,39,0.1,0.25,0.06556834271964533,0.04235211760588029,0.019858854423108484,0.58150410383661
cp_bonferroni_upper95,exchangeable_retained_rc_wall,40,0.1,0.25,0.05446881245495419,0.05244507441530829,0.02406112827182572,0.5870395113571292
cp_bonferroni_upper95,exchangeable_retained_rc_wall,41,0.1,0.25,0.061737470248103894,0.04609081597814954,0.022443890274314215,0.5740599351021187
cp_bonferroni_upper95,exchangeable_retained_rc_wall,42,0.1,0.25,0.05628637869117497,0.050763223287184946,0.02335456475583864,0.5843672456575683
cp_bonferroni_upper95,exchangeable_retained_rc_wall,43,0.1,0.25,0.05750653568385506,0.049667715984610006,0.02324439351776068,0.5830311128077877
cp_bonferroni_upper95,exchangeable_retained_rc_wall,44,0.1,0.25,0.05807678910500017,0.04914004914004914,0.022845953002610966,0.5848444359610613
cp_bonferroni_upper95,exchangeable_retained_rc_wall,45,0.1,0.25,0.060104274354582585,0.04735376044568245,0.022386831275720165,0.5797862187440351
cp_bonferroni_upper95,exchangeable_retained_rc_wall,46,0.1,0.25,0.06313356529792814,0.04446012702893437,0.02051783097215437,0.5860851307501431
cp_bonferroni_upper95,exchangeable_retained_rc_wall,47,0.1,0.25,0.06006769080843732,0.047335203366058905,0.022076860179885527,0.5836037411719794
cp_bonferroni_upper95,exchangeable_retained_rc_wall,48,0.1,0.25,0.05342259837333421,0.05332868595329383,0.025053217619125594,0.5828402366863905
cp_bonferroni_upper95,exchangeable_retained_rc_wall,49,0.1,0.25,0.05862718762817728,0.04865243262163108,0.022667971298108283,0.5852261882038557
cp_bonferroni_upper95,domain_blocked_rc_wall_to_esm,0,0.1,0.25,0.05563074961905161,0.08083333333333333,0.05623188405797101,0.46938775510204084
cp_bonferroni_upper95,event_blocked_esm_leave_one_event,seed0:esm:EMSC-20161026_0000095,0.1,0.5,0.04716791367825363,,0.0,0.5306122448979592
cp_bonferroni_upper95,event_blocked_esm_leave_one_event,seed0:esm:EMSC-20161030_0000029,0.1,0.5,0.05005990347353403,0.0196078431372549,0.05555555555555555,0.075
cp_bonferroni_upper95,event_blocked_esm_leave_one_event,seed0:esm:INT-20230206_0000008,0.1,0.5,0.05736139491117886,0.0,0.0,0.5589519650655022
cp_bonferroni_upper95,event_blocked_esm_leave_one_event,seed0:esm:INT-20230206_0000222,0.1,0.5,0.05026979892023939,0.0,0.0,0.1282051282051282
cp_bonferroni_upper95,event_blocked_esm_leave_one_event,seed0:esm:INT-UT19990920_174715,0.1,0.5,0.07373821984090766,0.0,0.0,0.1306532663316583
cp_bonferroni_upper95,event_blocked_esm_leave_one_event,seed0:esm:INT-UT19991022_021856,0.1,0.5,0.04716791367825363,,0.0,0.9459459459459459
cp_bonferroni_upper95,event_blocked_esm_leave_one_event,seed0:esm:IS-2000-0048,0.1,0.5,0.04716791367825363,,0.0,0.5641025641025641
cp_bonferroni_upper95,event_blocked_esm_leave_one_event,seed0:esm:IS-2000-0053,0.1,0.5,0.04421702925302513,0.05555555555555555,0.03278688524590164,0.4552238805970149
cp_bonferroni_upper95,event_blocked_esm_leave_one_event,seed0:esm:IS-2008-0054,0.1,0.5,0.047401909291794886,0.0,0.0,0.34523809523809523
cp_bonferroni_upper95,event_blocked_esm_leave_one_event,seed0:esm:TK-1999-0415,0.1,0.25,0.09429120900862437,0.52,0.8666666666666667,0.5555555555555556
cp_bonferroni_upper95,event_blocked_esm_leave_one_event,seed0:esm:UZ-1976-0001,0.1,0.5,0.05276828911164202,0.0,0.0,0.20967741935483872
cp_bonferroni_upper95,event_blocked_esm_leave_one_event,seed1:esm:EMSC-20161026_0000095,0.1,0.5,0.05384943722689683,,0.0,0.5816326530612245
cp_bonferroni_upper95,event_blocked_esm_leave_one_event,seed1:esm:EMSC-20161030_0000029,0.1,0.5,0.06159539986880516,0.0,0.0,0.06666666666666667
cp_bonferroni_upper95,event_blocked_esm_leave_one_event,seed1:esm:INT-20230206_0000008,0.1,0.5,0.06547324254185799,0.0,0.0,0.5414847161572053
cp_bonferroni_upper95,event_blocked_esm_leave_one_event,seed1:esm:INT-20230206_0000222,0.1,0.5,0.057387101392452906,0.0,0.0,0.1282051282051282
cp_bonferroni_upper95,event_blocked_esm_leave_one_event,seed1:esm:INT-UT19990920_174715,0.1,0.5,0.06301442459907576,0.0273972602739726,0.19047619047619047,0.10552763819095477
cp_bonferroni_upper95,event_blocked_esm_leave_one_event,seed1:esm:INT-UT19991022_021856,0.1,0.5,0.05384943722689683,,0.0,0.8378378378378378
cp_bonferroni_upper95,event_blocked_esm_leave_one_event,seed1:esm:IS-2000-0048,0.1,0.5,0.05384943722689683,,0.0,0.6153846153846154
cp_bonferroni_upper95,event_blocked_esm_leave_one_event,seed1:esm:IS-2000-0053,0.1,0.5,0.05545546693210504,0.027777777777777776,0.015873015873015872,0.4701492537313433
cp_bonferroni_upper95,event_blocked_esm_leave_one_event,seed1:esm:IS-2008-0054,0.1,0.5,0.054116322572464924,0.0,0.0,0.25
cp_bonferroni_upper95,event_blocked_esm_leave_one_event,seed1:esm:TK-1999-0415,0.1,0.25,0.08119795009492395,0.48,0.8571428571428571,0.5185185185185185
cp_bonferroni_upper95,event_blocked_esm_leave_one_event,seed1:esm:UZ-1976-0001,0.1,0.5,0.06023626439004972,0.0,0.0,0.12903225806451613
cp_bonferroni_upper95,event_blocked_esm_leave_one_event,seed2:esm:EMSC-20161026_0000095,0.1,0.5,0.03311533087283383,,0.0,0.5510204081632653
cp_bonferroni_upper95,event_blocked_esm_leave_one_event,seed2:esm:EMSC-20161030_0000029,0.1,0.5,0.033624033112055356,0.0196078431372549,0.05,0.08333333333333333
cp_bonferroni_upper95,event_blocked_esm_leave_one_event,seed2:esm:INT-20230206_0000008,0.1,0.5,0.040291495974291394,0.0,0.0,0.537117903930131
cp_bonferroni_upper95,event_blocked_esm_leave_one_event,seed2:esm:INT-20230206_0000222,0.1,0.5,0.03529828533834672,0.0,0.0,0.20512820512820512
cp_bonferroni_upper95,event_blocked_esm_leave_one_event,seed2:esm:INT-UT19990920_174715,0.1,0.5,0.05183592903926943,0.0,0.0,0.08040201005025126
cp_bonferroni_upper95,event_blocked_esm_leave_one_event,seed2:esm:INT-UT19991022_021856,0.1,0.5,0.03311533087283383,,0.0,0.918918918918919
cp_bonferroni_upper95,event_blocked_esm_leave_one_event,seed2:esm:IS-2000-0048,0.1,0.5,0.03311533087283383,,0.0,0.5128205128205128
cp_bonferroni_upper95,event_blocked_esm_leave_one_event,seed2:esm:IS-2000-0053,0.1,0.5,0.023510286387674603,0.08333333333333333,0.047619047619047616,0.4701492537313433
cp_bonferroni_upper95,event_blocked_esm_leave_one_event,seed2:esm:IS-2008-0054,0.1,0.5,0.033279982476874186,0.0,0.0,0.32142857142857145
cp_bonferroni_upper95,event_blocked_esm_leave_one_event,seed2:esm:TK-1999-0415,0.1,0.25,0.08778094155912398,0.48,0.8571428571428571,0.5185185185185185
cp_bonferroni_upper95,event_blocked_esm_leave_one_event,seed2:esm:UZ-1976-0001,0.1,0.5,0.03705708139910944,0.0,0.0,0.11290322580645161
empirical_no_finite_correction,exchangeable_retained_rc_wall,0,0.01,0.5,0.004305705059203444,0.004488950276243094,0.0029518619436875566,0.4203092193166635
empirical_no_finite_correction,exchangeable_retained_rc_wall,1,0.01,0.5,0.003840782122905028,0.004966300106420717,0.003121516164994426,0.4280397022332506
empirical_no_finite_correction,exchangeable_retained_rc_wall,2,0.01,0.5,0.0035285815102328866,0.005265005265005265,0.0033482142857142855,0.4275625119297576
empirical_no_finite_correction,exchangeable_retained_rc_wall,3,0.01,0.5,0.003866432337434095,0.004933051444679351,0.003162412468940592,0.42250429471273143
empirical_no_finite_correction,exchangeable_retained_rc_wall,4,0.01,0.5,0.004824259131633356,0.003955411722402014,0.0024165202108963092,0.43443405230005727
empirical_no_finite_correction,exchangeable_retained_rc_wall,5,0.01,0.5,0.005643738977072311,0.0031601123595505617,0.0020138733497426717,0.4265126932620729
empirical_no_finite_correction,exchangeable_retained_rc_wall,6,0.01,0.5,0.003115264797507788,0.00572655690765927,0.003577017661524704,0.4268944455048673
empirical_no_finite_correction,exchangeable_retained_rc_wall,7,0.01,0.5,0.003119584055459272,0.005718370264474625,0.003591470258136925,0.4251765604122924
empirical_no_finite_correction,exchangeable_retained_rc_wall,8,0.01,0.5,0.005307855626326964,0.0035001750087504373,0.0022461814914645105,0.4248902462301966
empirical_no_finite_correction,exchangeable_retained_rc_wall,9,0.01,0.5,0.0041914076143905,0.004609929078014184,0.0029154518950437317,0.42555831265508687
empirical_no_finite_correction,exchangeable_retained_rc_wall,10,0.01,0.5,0.00492091388400703,0.003875968992248062,0.0024741340530814214,0.42431761786600497
empirical_no_finite_correction,exchangeable_retained_rc_wall,11,0.01,0.5,0.004893393918210416,0.0038979447200566974,0.002464709836432893,0.4259400648978813
empirical_no_finite_correction,exchangeable_retained_rc_wall,12,0.01,0.5,0.006329113924050633,0.0024656569214512153,0.0015473032714412025,0.4317617866004963
empirical_no_finite_correction,exchangeable_retained_rc_wall,13,0.01,0.5,0.0056002800140007,0.0031847133757961785,0.0020170327207530256,0.42584462683718266
empirical_no_finite_correction,exchangeable_retained_rc_wall,14,0.01,0.5,0.0038746037337090526,0.004922644163150493,0.003115264797507788,0.4288986447795381
empirical_no_finite_correction,exchangeable_retained_rc_wall,15,0.01,0.5,0.004189944134078212,0.0046115643845335225,0.0029082774049217002,0.42660813132277153
empirical_no_finite_correction,exchangeable_retained_rc_wall,16,0.01,0.5,0.0031601123595505617,0.005643738977072311,0.003573023671281822,0.42737163580836035
empirical_no_finite_correction,exchangeable_retained_rc_wall,17,0.01,0.5,0.0032177332856632105,0.005544005544005544,0.003590664272890485,0.425271998472991
empirical_no_finite_correction,exchangeable_retained_rc_wall,18,0.01,0.5,0.004311893639956881,0.004482758620689655,0.002959927140255009,0.4191639625882802
empirical_no_finite_correction,exchangeable_retained_rc_wall,19,0.01,0.5,0.00466786355475763,0.004140786749482402,0.0027112516945323093,0.4224088566520328
empirical_no_finite_correction,exchangeable_retained_rc_wall,20,0.01,0.5,0.0034904013961605585,0.00532292405961675,0.0033624747814391394,0.42574918877648404
empirical_no_finite_correction,exchangeable_retained_rc_wall,21,0.01,0.5,0.004919184820801124,0.0038773352132534366,0.0024769196126998424,0.42384042756251195
empirical_no_finite_correction,exchangeable_retained_rc_wall,22,0.01,0.5,0.0031914893617021275,0.005588543485853999,0.003612553623842854,0.42269517083412866
empirical_no_finite_correction,exchangeable_retained_rc_wall,23,0.01,0.5,0.004244782454899187,0.004551820728291317,0.002943840579710145,0.42145447604504677
empirical_no_finite_correction,exchangeable_retained_rc_wall,24,0.01,0.5,0.005610098176718092,0.0031790886612504416,0.0020247469066366703,0.42422217980530635
empirical_no_finite_correction,exchangeable_retained_rc_wall,25,0.01,0.5,0.0058925476603119585,0.0028591851322373124,0.0017933198834342075,0.42574918877648404
empirical_no_finite_correction,exchangeable_retained_rc_wall,26,0.01,0.5,0.0027942717429269995,0.006028368794326241,0.0038022813688212928,0.42670356938347015
empirical_no_finite_correction,exchangeable_retained_rc_wall,27,0.01,0.5,0.005313496280552604,0.0034965034965034965,0.002233638597274961,0.4272761977476618
empirical_no_finite_correction,exchangeable_retained_rc_wall,28,0.01,0.5,0.005702066999287242,0.0031282586027111575,0.002012522361359571,0.4267990074441687
empirical_no_finite_correction,exchangeable_retained_rc_wall,29,0.01,0.5,0.00495926319518243,0.0038461538461538464,0.0024630541871921183,0.42622637907997707
empirical_no_finite_correction,exchangeable_retained_rc_wall,30,0.01,0.5,0.0035174111853675696,0.00528169014084507,0.0033377837116154874,0.4288986447795381
empirical_no_finite_correction,exchangeable_retained_rc_wall,31,0.01,0.5,0.00526131182041389,0.0035310734463276836,0.0022222222222222222,0.42947127314372974
empirical_no_finite_correction,exchangeable_retained_rc_wall,32,0.01,0.5,0.0031982942430703624,0.0055768560474032764,0.003561887800534283,0.42870776865814086
empirical_no_finite_correction,exchangeable_retained_rc_wall,33,0.01,0.5,0.003858295334970186,0.0049435028248587575,0.003098030537729586,0.4312845962970032
empirical_no_finite_correction,exchangeable_retained_rc_wall,34,0.01,0.5,0.004232804232804233,0.004564606741573034,0.0029128388976025093,0.4259400648978813
empirical_no_finite_correction,exchangeable_retained_rc_wall,35,0.01,0.5,0.005338078291814947,0.003480682213713888,0.002242655303879794,0.42555831265508687
empirical_no_finite_correction,exchangeable_retained_rc_wall,36,0.01,0.5,0.004201680672268907,0.004598514326140785,0.0029174147217235187,0.425271998472991
empirical_no_finite_correction,exchangeable_retained_rc_wall,37,0.01,0.5,0.00532292405961675,0.0034904013961605585,0.0022281639928698753,0.42832601641534646
empirical_no_finite_correction,exchangeable_retained_rc_wall,38,0.01,0.5,0.005168849069607168,0.003595828838547285,0.0022222222222222222,0.42947127314372974
empirical_no_finite_correction,exchangeable_retained_rc_wall,39,0.01,0.5,0.0031523642732049035,0.005657708628005658,0.0035571365051133837,0.4292803970223325
empirical_no_finite_correction,exchangeable_retained_rc_wall,40,0.01,0.5,0.004528039010797631,0.004267425320056899,0.002719238613188307,0.4211681618629509
empirical_no_finite_correction,exchangeable_retained_rc_wall,41,0.01,0.5,0.005242922055225445,0.003543586109142452,0.0022168033695411215,0.4305210918114144
empirical_no_finite_correction,exchangeable_retained_rc_wall,42,0.01,0.5,0.004284184219921457,0.004510756419153366,0.002910230579807477,0.4263218171406757
empirical_no_finite_correction,exchangeable_retained_rc_wall,43,0.01,0.5,0.0038421236465246244,0.004964539007092199,0.0031362007168458782,0.4260355029585799
empirical_no_finite_correction,exchangeable_retained_rc_wall,44,0.01,0.5,0.0039229671897289585,0.004862799583188607,0.003143242029636282,0.42508112235159384
empirical_no_finite_correction,exchangeable_retained_rc_wall,45,0.01,0.5,0.004945249028611798,0.0038569424964936885,0.0024630541871921183,0.42622637907997707
empirical_no_finite_correction,exchangeable_retained_rc_wall,46,0.01,0.5,0.005263157894736842,0.0035298270384751147,0.002220248667850799,0.42985302538652415
empirical_no_finite_correction,exchangeable_retained_rc_wall,47,0.01,0.5,0.006269592476489028,0.0024893314366998577,0.001569506726457399,0.42565375071578543
empirical_no_finite_correction,exchangeable_retained_rc_wall,48,0.01,0.5,0.0035285815102328866,0.005265005265005265,0.0033738191632928477,0.42431761786600497
empirical_no_finite_correction,exchangeable_retained_rc_wall,49,0.01,0.5,0.004598514326140785,0.004201680672268907,0.002680366316729953,0.4272761977476618
empirical_no_finite_correction,domain_blocked_rc_wall_to_esm,0,0.01,0.5,0.004399084990322013,0.020833333333333332,0.020048115477145148,0.33931972789115644
empirical_no_finite_correction,event_blocked_esm_leave_one_event,seed0:esm:EMSC-20161026_0000095,0.01,0.75,0.0,,0.0,0.5102040816326531
empirical_no_finite_correction,event_blocked_esm_leave_one_event,seed0:esm:EMSC-20161030_0000029,0.01,0.75,0.0,0.0,0.0,0.008333333333333333
empirical_no_finite_correction,event_blocked_esm_leave_one_event,seed0:esm:INT-20230206_0000008,0.01,0.75,0.0,0.0,0.0,0.44541484716157204
empirical_no_finite_correction,event_blocked_esm_leave_one_event,seed0:esm:INT-20230206_0000222,0.01,0.75,0.0,0.0,0.0,0.02564102564102564
empirical_no_finite_correction,event_blocked_esm_leave_one_event,seed0:esm:INT-UT19990920_174715,0.01,0.75,0.0,0.0,0.0,0.010050251256281407
empirical_no_finite_correction,event_blocked_esm_leave_one_event,seed0:esm:INT-UT19991022_021856,0.01,0.75,0.0,,0.0,0.527027027027027
empirical_no_finite_correction,event_blocked_esm_leave_one_event,seed0:esm:IS-2000-0048,0.01,0.75,0.0,,0.0,0.05128205128205128
empirical_no_finite_correction,event_blocked_esm_leave_one_event,seed0:esm:IS-2000-0053,0.01,0.75,0.0,0.0,0.0,0.1791044776119403
empirical_no_finite_correction,event_blocked_esm_leave_one_event,seed0:esm:IS-2008-0054,0.01,0.75,0.0,0.0,0.0,0.023809523809523808
empirical_no_finite_correction,event_blocked_esm_leave_one_event,seed0:esm:TK-1999-0415,0.01,0.5,0.008,0.24,0.8571428571428571,0.25925925925925924
empirical_no_finite_correction,event_blocked_esm_leave_one_event,seed0:esm:UZ-1976-0001,0.01,0.75,0.0,0.0,0.0,0.04838709677419355
empirical_no_finite_correction,event_blocked_esm_leave_one_event,seed1:esm:EMSC-20161026_0000095,0.01,0.75,0.0,,0.0,0.5102040816326531
empirical_no_finite_correction,event_blocked_esm_leave_one_event,seed1:esm:EMSC-20161030_0000029,0.01,0.75,0.0,0.0,0.0,0.0
empirical_no_finite_correction,event_blocked_esm_leave_one_event,seed1:esm:INT-20230206_0000008,0.01,0.75,0.0,0.0,0.0,0.4192139737991266
empirical_no_finite_correction,event_blocked_esm_leave_one_event,seed1:esm:INT-20230206_0000222,0.01,0.75,0.0,0.0,0.0,0.0
empirical_no_finite_correction,event_blocked_esm_leave_one_event,seed1:esm:INT-UT19990920_174715,0.01,0.75,0.0,0.0,0.0,0.04020100502512563
empirical_no_finite_correction,event_blocked_esm_leave_one_event,seed1:esm:INT-UT19991022_021856,0.01,0.75,0.0,,0.0,0.527027027027027
empirical_no_finite_correction,event_blocked_esm_leave_one_event,seed1:esm:IS-2000-0048,0.01,0.75,0.0,,0.0,0.05128205128205128
empirical_no_finite_correction,event_blocked_esm_leave_one_event,seed1:esm:IS-2000-0053,0.01,0.75,0.0,0.0,0.0,0.12686567164179105
empirical_no_finite_correction,event_blocked_esm_leave_one_event,seed1:esm:IS-2008-0054,0.01,0.75,0.0,0.0,0.0,0.03571428571428571
empirical_no_finite_correction,event_blocked_esm_leave_one_event,seed1:esm:TK-1999-0415,0.01,0.75,0.0,0.0,0.0,0.037037037037037035
empirical_no_finite_correction,event_blocked_esm_leave_one_event,seed1:esm:UZ-1976-0001,0.01,0.75,0.0,0.0,0.0,0.016129032258064516
empirical_no_finite_correction,event_blocked_esm_leave_one_event,seed2:esm:EMSC-20161026_0000095,0.01,0.75,0.0,,0.0,0.5102040816326531
empirical_no_finite_correction,event_blocked_esm_leave_one_event,seed2:esm:EMSC-20161030_0000029,0.01,0.75,0.0,0.0,0.0,0.0
empirical_no_finite_correction,event_blocked_esm_leave_one_event,seed2:esm:INT-20230206_0000008,0.01,0.75,0.0,0.0,0.0,0.4759825327510917
empirical_no_finite_correction,event_blocked_esm_leave_one_event,seed2:esm:INT-20230206_0000222,0.01,0.75,0.0,0.0,0.0,0.02564102564102564
empirical_no_finite_correction,event_blocked_esm_leave_one_event,seed2:esm:INT-UT19990920_174715,0.01,0.75,0.0,0.0,0.0,0.01507537688442211
empirical_no_finite_correction,event_blocked_esm_leave_one_event,seed2:esm:INT-UT19991022_021856,0.01,0.75,0.0,,0.0,0.4864864864864865
empirical_no_finite_correction,event_blocked_esm_leave_one_event,seed2:esm:IS-2000-0048,0.01,0.75,0.0,,0.0,0.05128205128205128
empirical_no_finite_correction,event_blocked_esm_leave_one_event,seed2:esm:IS-2000-0053,0.01,0.5,0.005494505494505495,0.08333333333333333,0.047619047619047616,0.4701492537313433
empirical_no_finite_correction,event_blocked_esm_leave_one_event,seed2:esm:IS-2008-0054,0.01,0.75,0.0,0.0,0.0,0.023809523809523808
empirical_no_finite_correction,event_blocked_esm_leave_one_event,seed2:esm:TK-1999-0415,0.01,0.75,0.0,0.0,0.0,0.037037037037037035
empirical_no_finite_correction,event_blocked_esm_leave_one_event,seed2:esm:UZ-1976-0001,0.01,0.75,0.0,0.0,0.0,0.0
empirical_no_finite_correction,exchangeable_retained_rc_wall,0,0.02,0.5,0.004579077139837971,0.004219409282700422,0.0026785714285714286,0.4275625119297576
empirical_no_finite_correction,exchangeable_retained_rc_wall,1,0.02,0.5,0.004330566582461205,0.004464285714285714,0.00296127562642369,0.41897308646688297
empirical_no_finite_correction,exchangeable_retained_rc_wall,2,0.02,0.5,0.0035398230088495575,0.005248425472358292,0.0033519553072625698,0.42708532162626456
empirical_no_finite_correction,exchangeable_retained_rc_wall,3,0.02,0.5,0.0024665257223396757,0.00632688927943761,0.0040577096483318306,0.4233632372590189
empirical_no_finite_correction,exchangeable_retained_rc_wall,4,0.02,0.5,0.005241090146750524,0.003544842254519674,0.002258355916892502,0.42259973277343005
empirical_no_finite_correction,exchangeable_retained_rc_wall,5,0.02,0.5,0.004555010511562719,0.0042417815482502655,0.0026726057906458797,0.42851689253674363
empirical_no_finite_correction,exchangeable_retained_rc_wall,6,0.02,0.5,0.0031926214969847464,0.00558659217877095,0.003592276605298608,0.42508112235159384
empirical_no_finite_correction,exchangeable_retained_rc_wall,7,0.02,0.5,0.004318100035984167,0.004476584022038568,0.0029525323642970703,0.42021378125596487
empirical_no_finite_correction,exchangeable_retained_rc_wall,8,0.02,0.5,0.0062959076600209865,0.002478753541076487,0.001580135440180587,0.4227906088948273
empirical_no_finite_correction,exchangeable_retained_rc_wall,9,0.02,0.5,0.004891684136967156,0.0038993264799716413,0.0024680278214045323,0.42536743653368964
empirical_no_finite_correction,exchangeable_retained_rc_wall,10,0.02,0.5,0.00489853044086774,0.0038938053097345134,0.0024713547517411817,0.424794808169498
empirical_no_finite_correction,exchangeable_retained_rc_wall,11,0.02,0.5,0.003851540616246499,0.004952246197382384,0.0031124944419742106,0.4292803970223325
empirical_no_finite_correction,exchangeable_retained_rc_wall,12,0.02,0.5,0.005219206680584551,0.00355998576005696,0.002230649118893598,0.42784882611185343
empirical_no_finite_correction,exchangeable_retained_rc_wall,13,0.02,0.5,0.0039034776437189495,0.004886561954624782,0.0031291908806437194,0.42698988356556594
empirical_no_finite_correction,exchangeable_retained_rc_wall,14,0.02,0.5,0.004545454545454545,0.004250797024442083,0.0026554547466253594,0.4312845962970032
empirical_no_finite_correction,exchangeable_retained_rc_wall,15,0.02,0.5,0.0057000356252226575,0.003129346314325452,0.002033438770899232,0.4224088566520328
empirical_no_finite_correction,exchangeable_retained_rc_wall,16,0.02,0.5,0.004234297812279464,0.004563004563004563,0.00296127562642369,0.41897308646688297
empirical_no_finite_correction,exchangeable_retained_rc_wall,17,0.02,0.5,0.00598380851812742,0.0028149190710767065,0.0017985611510791368,0.4245084939874022
empirical_no_finite_correction,exchangeable_retained_rc_wall,18,0.02,0.5,0.004647836968180193,0.004158004158004158,0.00272975432211101,0.4195457148310746
empirical_no_finite_correction,exchangeable_retained_rc_wall,19,0.02,0.5,0.005341880341880342,0.0034782608695652175,0.002240143369175627,0.4260355029585799
empirical_no_finite_correction,exchangeable_retained_rc_wall,20,0.02,0.5,0.005886426592797784,0.0028622540250447226,0.001777382803821373,0.42956671120442835
empirical_no_finite_correction,exchangeable_retained_rc_wall,21,0.02,0.5,0.004964539007092199,0.0038421236465246244,0.0024691358024691358,0.4251765604122924
empirical_no_finite_correction,exchangeable_retained_rc_wall,22,0.02,0.5,0.004521739130434782,0.004273504273504274,0.0026791694574681848,0.42746707386905897
empirical_no_finite_correction,exchangeable_retained_rc_wall,23,0.02,0.5,0.00562390158172232,0.003171247357293869,0.001993797075764289,0.4308074059935102
empirical_no_finite_correction,exchangeable_retained_rc_wall,24,0.02,0.5,0.00423728813559322,0.004559803577692038,0.0029187247418051188,0.42508112235159384
empirical_no_finite_correction,exchangeable_retained_rc_wall,25,0.02,0.5,0.005759539236861051,0.003098106712564544,0.002028397565922921,0.4234586753197175
empirical_no_finite_correction,exchangeable_retained_rc_wall,26,0.02,0.5,0.004501385041551247,0.004293381037567084,0.0026785714285714286,0.4275625119297576
empirical_no_finite_correction,exchangeable_retained_rc_wall,27,0.02,0.5,0.0034626038781163434,0.005366726296958855,0.003334815473543797,0.4292803970223325
empirical_no_finite_correction,exchangeable_retained_rc_wall,28,0.02,0.5,0.004219409282700422,0.004579077139837971,0.002910882221227049,0.42622637907997707
empirical_no_finite_correction,exchangeable_retained_rc_wall,29,0.02,0.5,0.0035323207347227126,0.005259467040673212,0.0033193184332816995,0.4312845962970032
empirical_no_finite_correction,exchangeable_retained_rc_wall,30,0.02,0.5,0.0042765502494654314,0.0045185957594716716,0.002967359050445104,0.41811414392059554
empirical_no_finite_correction,exchangeable_retained_rc_wall,31,0.02,0.5,0.005250262513125656,0.003538570417551309,0.0022512381809995496,0.42393586562321056
empirical_no_finite_correction,exchangeable_retained_rc_wall,32,0.02,0.5,0.0038501925096254812,0.004953998584571833,0.0031446540880503146,0.4248902462301966
empirical_no_finite_correction,exchangeable_retained_rc_wall,33,0.02,0.5,0.004896817068905212,0.003895184135977337,0.002449343130705856,0.42861233059744225
empirical_no_finite_correction,exchangeable_retained_rc_wall,34,0.02,0.5,0.0038800705467372134,0.0049157303370786515,0.003141126318151223,0.42536743653368964
empirical_no_finite_correction,exchangeable_retained_rc_wall,35,0.02,0.5,0.0038773352132534366,0.004919184820801124,0.0031284916201117317,0.42708532162626456
empirical_no_finite_correction,exchangeable_retained_rc_wall,36,0.02,0.5,0.003197158081705151,0.005578800557880056,0.003598740440845704,0.42431761786600497
empirical_no_finite_correction,exchangeable_retained_rc_wall,37,0.02,0.5,0.004243281471004243,0.004553415061295972,0.002881844380403458,0.4305210918114144
empirical_no_finite_correction,exchangeable_retained_rc_wall,38,0.02,0.5,0.004311893639956881,0.004482758620689655,0.002934537246049661,0.4227906088948273
empirical_no_finite_correction,exchangeable_retained_rc_wall,39,0.02,0.5,0.00455820476858345,0.0042387848816672555,0.0026845637583892616,0.42660813132277153
empirical_no_finite_correction,exchangeable_retained_rc_wall,40,0.02,0.5,0.004246284501061571,0.004550227511375569,0.00289081609962197,0.4291849589616339
empirical_no_finite_correction,exchangeable_retained_rc_wall,41,0.02,0.5,0.0028011204481792717,0.006013441811107181,0.0037660611431103233,0.4308074059935102
empirical_no_finite_correction,exchangeable_retained_rc_wall,42,0.02,0.5,0.0035398230088495575,0.005248425472358292,0.003393665158371041,0.4218362282878412
empirical_no_finite_correction,exchangeable_retained_rc_wall,43,0.02,0.5,0.005208333333333333,0.0035676061362825543,0.0022026431718061676,0.433288795571674
empirical_no_finite_correction,exchangeable_retained_rc_wall,44,0.02,0.5,0.0038732394366197184,0.004924375659514597,0.003125697700379549,0.42746707386905897
empirical_no_finite_correction,exchangeable_retained_rc_wall,45,0.02,0.5,0.0034770514603616135,0.005343783398646241,0.00332667997338656,0.43033021569001717
empirical_no_finite_correction,exchangeable_retained_rc_wall,46,0.02,0.5,0.004531195538515162,0.0042643923240938165,0.0026708212775428445,0.4288032067188395
empirical_no_finite_correction,exchangeable_retained_rc_wall,47,0.02,0.5,0.0038979447200566974,0.004893393918210416,0.0031035247173575703,0.4305210918114144
empirical_no_finite_correction,exchangeable_retained_rc_wall,48,0.02,0.5,0.003861003861003861,0.004940014114326041,0.003125,0.4275625119297576
empirical_no_finite_correction,exchangeable_retained_rc_wall,49,0.02,0.5,0.004185559818625741,0.004616477272727273,0.002878653675819309,0.4309982821149074
empirical_no_finite_correction,domain_blocked_rc_wall_to_esm,0,0.02,0.5,0.004399084990322013,0.020833333333333332,0.020048115477145148,0.33931972789115644
empirical_no_finite_correction,event_blocked_esm_leave_one_event,seed0:esm:EMSC-20161026_0000095,0.02,0.75,0.0,,0.0,0.5102040816326531
empirical_no_finite_correction,event_blocked_esm_leave_one_event,seed0:esm:EMSC-20161030_0000029,0.02,0.75,0.0,0.0,0.0,0.008333333333333333
empirical_no_finite_correction,event_blocked_esm_leave_one_event,seed0:esm:INT-20230206_0000008,0.02,0.75,0.0,0.0,0.0,0.44541484716157204
empirical_no_finite_correction,event_blocked_esm_leave_one_event,seed0:esm:INT-20230206_0000222,0.02,0.75,0.0,0.0,0.0,0.02564102564102564
empirical_no_finite_correction,event_blocked_esm_leave_one_event,seed0:esm:INT-UT19990920_174715,0.02,0.75,0.0,0.0,0.0,0.010050251256281407
empirical_no_finite_correction,event_blocked_esm_leave_one_event,seed0:esm:INT-UT19991022_021856,0.02,0.75,0.0,,0.0,0.527027027027027
empirical_no_finite_correction,event_blocked_esm_leave_one_event,seed0:esm:IS-2000-0048,0.02,0.75,0.0,,0.0,0.05128205128205128
empirical_no_finite_correction,event_blocked_esm_leave_one_event,seed0:esm:IS-2000-0053,0.02,0.5,0.019230769230769232,0.05555555555555555,0.03278688524590164,0.4552238805970149
empirical_no_finite_correction,event_blocked_esm_leave_one_event,seed0:esm:IS-2008-0054,0.02,0.75,0.0,0.0,0.0,0.023809523809523808
empirical_no_finite_correction,event_blocked_esm_leave_one_event,seed0:esm:TK-1999-0415,0.02,0.5,0.008,0.24,0.8571428571428571,0.25925925925925924
empirical_no_finite_correction,event_blocked_esm_leave_one_event,seed0:esm:UZ-1976-0001,0.02,0.75,0.0,0.0,0.0,0.04838709677419355
empirical_no_finite_correction,event_blocked_esm_leave_one_event,seed1:esm:EMSC-20161026_0000095,0.02,0.75,0.0,,0.0,0.5102040816326531
empirical_no_finite_correction,event_blocked_esm_leave_one_event,seed1:esm:EMSC-20161030_0000029,0.02,0.75,0.0,0.0,0.0,0.0
empirical_no_finite_correction,event_blocked_esm_leave_one_event,seed1:esm:INT-20230206_0000008,0.02,0.75,0.0,0.0,0.0,0.4192139737991266
empirical_no_finite_correction,event_blocked_esm_leave_one_event,seed1:esm:INT-20230206_0000222,0.02,0.75,0.0,0.0,0.0,0.0
empirical_no_finite_correction,event_blocked_esm_leave_one_event,seed1:esm:INT-UT19990920_174715,0.02,0.75,0.0,0.0,0.0,0.04020100502512563
empirical_no_finite_correction,event_blocked_esm_leave_one_event,seed1:esm:INT-UT19991022_021856,0.02,0.75,0.0,,0.0,0.527027027027027
empirical_no_finite_correction,event_blocked_esm_leave_one_event,seed1:esm:IS-2000-0048,0.02,0.75,0.0,,0.0,0.05128205128205128
empirical_no_finite_correction,event_blocked_esm_leave_one_event,seed1:esm:IS-2000-0053,0.02,0.75,0.0,0.0,0.0,0.12686567164179105
empirical_no_finite_correction,event_blocked_esm_leave_one_event,seed1:esm:IS-2008-0054,0.02,0.75,0.0,0.0,0.0,0.03571428571428571
empirical_no_finite_correction,event_blocked_esm_leave_one_event,seed1:esm:TK-1999-0415,0.02,0.5,0.013333333333333334,0.24,0.8571428571428571,0.25925925925925924
empirical_no_finite_correction,event_blocked_esm_leave_one_event,seed1:esm:UZ-1976-0001,0.02,0.75,0.0,0.0,0.0,0.016129032258064516
empirical_no_finite_correction,event_blocked_esm_leave_one_event,seed2:esm:EMSC-20161026_0000095,0.02,0.5,0.0125,,0.0,0.5510204081632653
empirical_no_finite_correction,event_blocked_esm_leave_one_event,seed2:esm:EMSC-20161030_0000029,0.02,0.5,0.011461318051575931,0.0196078431372549,0.05,0.08333333333333333
empirical_no_finite_correction,event_blocked_esm_leave_one_event,seed2:esm:INT-20230206_0000008,0.02,0.5,0.01524390243902439,0.0,0.0,0.537117903930131
empirical_no_finite_correction,event_blocked_esm_leave_one_event,seed2:esm:INT-20230206_0000222,0.02,0.5,0.013333333333333334,0.0,0.0,0.20512820512820512
empirical_no_finite_correction,event_blocked_esm_leave_one_event,seed2:esm:INT-UT19990920_174715,0.02,0.5,0.01968503937007874,0.0,0.0,0.08040201005025126
empirical_no_finite_correction,event_blocked_esm_leave_one_event,seed2:esm:INT-UT19991022_021856,0.02,0.5,0.0125,,0.0,0.918918918918919
empirical_no_finite_correction,event_blocked_esm_leave_one_event,seed2:esm:IS-2000-0048,0.02,0.5,0.0125,,0.0,0.5128205128205128
empirical_no_finite_correction,event_blocked_esm_leave_one_event,seed2:esm:IS-2000-0053,0.02,0.5,0.005494505494505495,0.08333333333333333,0.047619047619047616,0.4701492537313433
empirical_no_finite_correction,event_blocked_esm_leave_one_event,seed2:esm:IS-2008-0054,0.02,0.5,0.01256281407035176,0.0,0.0,0.32142857142857145
empirical_no_finite_correction,event_blocked_esm_leave_one_event,seed2:esm:TK-1999-0415,0.02,0.5,0.010666666666666666,0.04,0.5,0.07407407407407407
empirical_no_finite_correction,event_blocked_esm_leave_one_event,seed2:esm:UZ-1976-0001,0.02,0.5,0.014005602240896359,0.0,0.0,0.11290322580645161
empirical_no_finite_correction,exchangeable_retained_rc_wall,0,0.05,0.5,0.005542085209560097,0.003218884120171674,0.0020049008687903764,0.42842145447604507
empirical_no_finite_correction,exchangeable_retained_rc_wall,1,0.05,0.25,0.04674868189806678,0.05003523608174771,0.02310069952822515,0.5866577591143348
empirical_no_finite_correction,exchangeable_retained_rc_wall,2,0.05,0.25,0.04411764705882353,0.052706048814998234,0.024231582371117256,0.586848635235732
empirical_no_finite_correction,exchangeable_retained_rc_wall,3,0.05,0.25,0.04555010511562719,0.0512548603746907,0.02379389563505087,0.5815995418973087
empirical_no_finite_correction,exchangeable_retained_rc_wall,4,0.05,0.5,0.005610098176718092,0.0031790886612504416,0.0019995556542990447,0.42956671120442835
empirical_no_finite_correction,exchangeable_retained_rc_wall,5,0.05,0.25,0.049276361130255,0.04746494066882417,0.02133850630455868,0.5903798434815805
empirical_no_finite_correction,exchangeable_retained_rc_wall,6,0.05,0.25,0.04904051172707889,0.04775182990589055,0.022700911350455676,0.5759686963160908
empirical_no_finite_correction,exchangeable_retained_rc_wall,7,0.05,0.5,0.004621400639886242,0.004181184668989547,0.0026905829596412557,0.42565375071578543
empirical_no_finite_correction,exchangeable_retained_rc_wall,8,0.05,0.5,0.006036931818181818,0.0027903732124171608,0.00177896375361352,0.4291849589616339
empirical_no_finite_correction,exchangeable_retained_rc_wall,9,0.05,0.25,0.04883303411131059,0.04796411318150449,0.022891963109354412,0.5794999045619393
empirical_no_finite_correction,exchangeable_retained_rc_wall,10,0.05,0.25,0.04994797086368366,0.046785714285714285,0.021342456826327794,0.5857988165680473
empirical_no_finite_correction,exchangeable_retained_rc_wall,11,0.05,0.25,0.04863540937718684,0.048141592920353984,0.022146230255658688,0.5860851307501431
empirical_no_finite_correction,exchangeable_retained_rc_wall,12,0.05,0.25,0.048124557678697805,0.04865243262163108,0.02256859879850625,0.5878030158427181
empirical_no_finite_correction,exchangeable_retained_rc_wall,13,0.05,0.5,0.004616477272727273,0.004185559818625741,0.002705139765554554,0.4233632372590189
empirical_no_finite_correction,exchangeable_retained_rc_wall,14,0.05,0.25,0.04918032786885246,0.04758522727272727,0.02189900310508253,0.5839854934147738
empirical_no_finite_correction,exchangeable_retained_rc_wall,15,0.05,0.25,0.04476058292852186,0.052124241342377725,0.02382895381100049,0.5847489979003626
empirical_no_finite_correction,exchangeable_retained_rc_wall,16,0.05,0.25,0.0456140350877193,0.05118249205788916,0.02374713396659024,0.582744798625692
empirical_no_finite_correction,exchangeable_retained_rc_wall,17,0.05,0.25,0.04793331017714484,0.04885877318116976,0.022316338165825053,0.5858942546287459
empirical_no_finite_correction,exchangeable_retained_rc_wall,18,0.05,0.25,0.047227191413237925,0.04951523545706371,0.023585683654956294,0.5786409620156518
empirical_no_finite_correction,exchangeable_retained_rc_wall,19,0.05,0.5,0.005242922055225445,0.003543586109142452,0.0022237046920169003,0.4291849589616339
empirical_no_finite_correction,exchangeable_retained_rc_wall,20,0.05,0.25,0.04758620689655172,0.04922745238950772,0.022269180754226268,0.5871349494178278
empirical_no_finite_correction,exchangeable_retained_rc_wall,21,0.05,0.25,0.04955264969029594,0.04717320849837955,0.02134941329856584,0.5856079404466501
empirical_no_finite_correction,exchangeable_retained_rc_wall,22,0.05,0.25,0.044521739130434786,0.05235042735042735,0.023976512803784048,0.5851307501431571
empirical_no_finite_correction,exchangeable_retained_rc_wall,23,0.05,0.5,0.005759539236861051,0.003098106712564544,0.0020211093644733886,0.4249856842908952
empirical_no_finite_correction,exchangeable_retained_rc_wall,24,0.05,0.25,0.04212781149589433,0.05447605829285219,0.02572926909210095,0.5823630463828975
empirical_no_finite_correction,exchangeable_retained_rc_wall,25,0.05,0.5,0.0038367631670735963,0.004971590909090909,0.003182541486701523,0.41983202901317046
empirical_no_finite_correction,exchangeable_retained_rc_wall,26,0.05,0.25,0.049174443646805455,0.04763548498446669,0.022783556215948488,0.5780683336514602
empirical_no_finite_correction,exchangeable_retained_rc_wall,27,0.05,0.25,0.044633368756641874,0.0520979020979021,0.02448644207066557,0.5807405993510212
empirical_no_finite_correction,exchangeable_retained_rc_wall,28,0.05,0.5,0.005255781359495445,0.003534817956875221,0.0022326412145568207,0.42746707386905897
empirical_no_finite_correction,exchangeable_retained_rc_wall,29,0.05,0.5,0.005685856432125089,0.003136981526664343,0.002028397565922921,0.4234586753197175
empirical_no_finite_correction,exchangeable_retained_rc_wall,30,0.05,0.25,0.04713330988392543,0.049647887323943665,0.02300163132137031,0.5850353120824585
empirical_no_finite_correction,exchangeable_retained_rc_wall,31,0.05,0.25,0.047701348081576216,0.04910394265232975,0.02219701879455606,0.5890437106317999
empirical_no_finite_correction,exchangeable_retained_rc_wall,32,0.05,0.25,0.047519217330538085,0.049273307337823466,0.022642124124450238,0.5858942546287459
empirical_no_finite_correction,exchangeable_retained_rc_wall,33,0.05,0.5,0.00494874513962531,0.003854239663629993,0.0024482528377476075,0.4288032067188395
empirical_no_finite_correction,exchangeable_retained_rc_wall,34,0.05,0.25,0.04376292212267402,0.05321826681049982,0.02397149335924846,0.5892345867531972
empirical_no_finite_correction,exchangeable_retained_rc_wall,35,0.05,0.25,0.04647887323943662,0.050298979950756245,0.023366013071895425,0.5840809314754725
empirical_no_finite_correction,exchangeable_retained_rc_wall,36,0.05,0.5,0.0046115643845335225,0.004189944134078212,0.0026954177897574125,0.4248902462301966
empirical_no_finite_correction,exchangeable_retained_rc_wall,37,0.05,0.25,0.047183098591549295,0.049595497713682726,0.02316792638843247,0.5808360374117197
empirical_no_finite_correction,exchangeable_retained_rc_wall,38,0.05,0.25,0.048728813559322036,0.04805331462644686,0.02238927929400229,0.5839854934147738
empirical_no_finite_correction,exchangeable_retained_rc_wall,39,0.05,0.25,0.0495014245014245,0.04730434782608696,0.022375781507074696,0.5800725329261309
empirical_no_finite_correction,exchangeable_retained_rc_wall,40,0.05,0.25,0.047866805411030174,0.048928571428571425,0.02230907018400912,0.5860851307501431
empirical_no_finite_correction,exchangeable_retained_rc_wall,41,0.05,0.25,0.04791666666666667,0.048876204067070994,0.022269180754226268,0.5871349494178278
empirical_no_finite_correction,exchangeable_retained_rc_wall,42,0.05,0.5,0.00346860908775581,0.005357142857142857,0.0033061494379545957,0.43300248138957814
empirical_no_finite_correction,exchangeable_retained_rc_wall,43,0.05,0.25,0.04702627939142462,0.04980293801504837,0.02263843648208469,0.5859896926894446
empirical_no_finite_correction,exchangeable_retained_rc_wall,44,0.05,0.25,0.041091037902940136,0.055594405594405594,0.025950709972253957,0.5847489979003626
empirical_no_finite_correction,exchangeable_retained_rc_wall,45,0.05,0.25,0.040744643484369514,0.05606488011283498,0.02591687041564792,0.5855125023859515
empirical_no_finite_correction,exchangeable_retained_rc_wall,46,0.05,0.25,0.04878917378917379,0.048,0.022693635915145536,0.5803588471082267
empirical_no_finite_correction,exchangeable_retained_rc_wall,47,0.05,0.25,0.049825783972125434,0.04692499111269108,0.02154046997389034,0.5848444359610613
empirical_no_finite_correction,exchangeable_retained_rc_wall,48,0.05,0.25,0.04772079772079772,0.049043478260869564,0.02298663188783828,0.5854170643252529
empirical_no_finite_correction,exchangeable_retained_rc_wall,49,0.05,0.5,0.005326704545454545,0.003487966515521451,0.0022182786157941437,0.43023477762931855
empirical_no_finite_correction,domain_blocked_rc_wall_to_esm,0,0.05,0.25,0.048389934893542146,0.08083333333333333,0.05623188405797101,0.46938775510204084
empirical_no_finite_correction,event_blocked_esm_leave_one_event,seed0:esm:EMSC-20161026_0000095,0.05,0.5,0.0225,,0.0,0.5306122448979592
empirical_no_finite_correction,event_blocked_esm_leave_one_event,seed0:esm:EMSC-20161030_0000029,0.05,0.5,0.022922636103151862,0.0196078431372549,0.05555555555555555,0.075
empirical_no_finite_correction,event_blocked_esm_leave_one_event,seed0:esm:INT-20230206_0000008,0.05,0.5,0.027439024390243903,0.0,0.0,0.5589519650655022
empirical_no_finite_correction,event_blocked_esm_leave_one_event,seed0:esm:INT-20230206_0000222,0.05,0.5,0.024,0.0,0.0,0.1282051282051282
empirical_no_finite_correction,event_blocked_esm_leave_one_event,seed0:esm:INT-UT19990920_174715,0.05,0.5,0.03543307086614173,0.0,0.0,0.1306532663316583
empirical_no_finite_correction,event_blocked_esm_leave_one_event,seed0:esm:INT-UT19991022_021856,0.05,0.5,0.0225,,0.0,0.9459459459459459
empirical_no_finite_correction,event_blocked_esm_leave_one_event,seed0:esm:IS-2000-0048,0.05,0.5,0.0225,,0.0,0.5641025641025641
empirical_no_finite_correction,event_blocked_esm_leave_one_event,seed0:esm:IS-2000-0053,0.05,0.5,0.019230769230769232,0.05555555555555555,0.03278688524590164,0.4552238805970149
empirical_no_finite_correction,event_blocked_esm_leave_one_event,seed0:esm:IS-2008-0054,0.05,0.5,0.022613065326633167,0.0,0.0,0.34523809523809523
empirical_no_finite_correction,event_blocked_esm_leave_one_event,seed0:esm:TK-1999-0415,0.05,0.5,0.008,0.24,0.8571428571428571,0.25925925925925924
empirical_no_finite_correction,event_blocked_esm_leave_one_event,seed0:esm:UZ-1976-0001,0.05,0.5,0.025210084033613446,0.0,0.0,0.20967741935483872
empirical_no_finite_correction,event_blocked_esm_leave_one_event,seed1:esm:EMSC-20161026_0000095,0.05,0.5,0.0275,,0.0,0.5816326530612245
empirical_no_finite_correction,event_blocked_esm_leave_one_event,seed1:esm:EMSC-20161030_0000029,0.05,0.5,0.03151862464183381,0.0,0.0,0.06666666666666667
empirical_no_finite_correction,event_blocked_esm_leave_one_event,seed1:esm:INT-20230206_0000008,0.05,0.5,0.03353658536585366,0.0,0.0,0.5414847161572053
empirical_no_finite_correction,event_blocked_esm_leave_one_event,seed1:esm:INT-20230206_0000222,0.05,0.5,0.029333333333333333,0.0,0.0,0.1282051282051282
empirical_no_finite_correction,event_blocked_esm_leave_one_event,seed1:esm:INT-UT19990920_174715,0.05,0.5,0.027559055118110236,0.0273972602739726,0.19047619047619047,0.10552763819095477
empirical_no_finite_correction,event_blocked_esm_leave_one_event,seed1:esm:INT-UT19991022_021856,0.05,0.5,0.0275,,0.0,0.8378378378378378
empirical_no_finite_correction,event_blocked_esm_leave_one_event,seed1:esm:IS-2000-0048,0.05,0.5,0.0275,,0.0,0.6153846153846154
empirical_no_finite_correction,event_blocked_esm_leave_one_event,seed1:esm:IS-2000-0053,0.05,0.5,0.027472527472527472,0.027777777777777776,0.015873015873015872,0.4701492537313433
empirical_no_finite_correction,event_blocked_esm_leave_one_event,seed1:esm:IS-2008-0054,0.05,0.5,0.02763819095477387,0.0,0.0,0.25
empirical_no_finite_correction,event_blocked_esm_leave_one_event,seed1:esm:TK-1999-0415,0.05,0.25,0.048,0.48,0.8571428571428571,0.5185185185185185
empirical_no_finite_correction,event_blocked_esm_leave_one_event,seed1:esm:UZ-1976-0001,0.05,0.5,0.03081232492997199,0.0,0.0,0.12903225806451613
empirical_no_finite_correction,event_blocked_esm_leave_one_event,seed2:esm:EMSC-20161026_0000095,0.05,0.5,0.0125,,0.0,0.5510204081632653
empirical_no_finite_correction,event_blocked_esm_leave_one_event,seed2:esm:EMSC-20161030_0000029,0.05,0.5,0.011461318051575931,0.0196078431372549,0.05,0.08333333333333333
empirical_no_finite_correction,event_blocked_esm_leave_one_event,seed2:esm:INT-20230206_0000008,0.05,0.5,0.01524390243902439,0.0,0.0,0.537117903930131
empirical_no_finite_correction,event_blocked_esm_leave_one_event,seed2:esm:INT-20230206_0000222,0.05,0.5,0.013333333333333334,0.0,0.0,0.20512820512820512
empirical_no_finite_correction,event_blocked_esm_leave_one_event,seed2:esm:INT-UT19990920_174715,0.05,0.5,0.01968503937007874,0.0,0.0,0.08040201005025126
empirical_no_finite_correction,event_blocked_esm_leave_one_event,seed2:esm:INT-UT19991022_021856,0.05,0.5,0.0125,,0.0,0.918918918918919
empirical_no_finite_correction,event_blocked_esm_leave_one_event,seed2:esm:IS-2000-0048,0.05,0.5,0.0125,,0.0,0.5128205128205128
empirical_no_finite_correction,event_blocked_esm_leave_one_event,seed2:esm:IS-2000-0053,0.05,0.5,0.005494505494505495,0.08333333333333333,0.047619047619047616,0.4701492537313433
empirical_no_finite_correction,event_blocked_esm_leave_one_event,seed2:esm:IS-2008-0054,0.05,0.5,0.01256281407035176,0.0,0.0,0.32142857142857145
empirical_no_finite_correction,event_blocked_esm_leave_one_event,seed2:esm:TK-1999-0415,0.05,0.5,0.010666666666666666,0.04,0.5,0.07407407407407407
empirical_no_finite_correction,event_blocked_esm_leave_one_event,seed2:esm:UZ-1976-0001,0.05,0.5,0.014005602240896359,0.0,0.0,0.11290322580645161
empirical_no_finite_correction,exchangeable_retained_rc_wall,0,0.1,0.25,0.04415855354659249,0.052725329533309585,0.02406895430151244,0.586848635235732
empirical_no_finite_correction,exchangeable_retained_rc_wall,1,0.1,0.25,0.04553476879632898,0.051228070175438595,0.023825065274151437,0.5848444359610613
empirical_no_finite_correction,exchangeable_retained_rc_wall,2,0.1,0.25,0.0418702023726448,0.055023074192403265,0.02523607945294692,0.5861805688108418
empirical_no_finite_correction,exchangeable_retained_rc_wall,3,0.1,0.25,0.045566937477922995,0.05119214586255259,0.023950131233595802,0.5817904180187059
empirical_no_finite_correction,exchangeable_retained_rc_wall,4,0.1,0.25,0.04992867332382311,0.046891281695032996,0.022332506203473945,0.5769230769230769
empirical_no_finite_correction,exchangeable_retained_rc_wall,5,0.1,0.25,0.05389221556886228,0.04289732770745429,0.02009553615549333,0.5794044665012407
empirical_no_finite_correction,exchangeable_retained_rc_wall,6,0.1,0.25,0.048124557678697805,0.04865243262163108,0.022723557299329736,0.5837946172933766
empirical_no_finite_correction,exchangeable_retained_rc_wall,7,0.1,0.25,0.04643743353420773,0.050314465408805034,0.023645320197044337,0.5812177896545142
empirical_no_finite_correction,exchangeable_retained_rc_wall,8,0.1,0.25,0.044853963838664815,0.05201282508015675,0.023755287992190042,0.5865623210536361
empirical_no_finite_correction,exchangeable_retained_rc_wall,9,0.1,0.25,0.0449358059914408,0.051754081278221606,0.024587458745874587,0.5783546478335561
empirical_no_finite_correction,exchangeable_retained_rc_wall,10,0.1,0.25,0.04508912967493883,0.0517363571934798,0.02379788101059495,0.5855125023859515
empirical_no_finite_correction,exchangeable_retained_rc_wall,11,0.1,0.25,0.04915134370579915,0.047635726795096325,0.022284122562674095,0.5824584844435962
empirical_no_finite_correction,exchangeable_retained_rc_wall,12,0.1,0.25,0.04287245444801715,0.053744798890429955,0.025326797385620915,0.5840809314754725
empirical_no_finite_correction,exchangeable_retained_rc_wall,13,0.1,0.25,0.05015783935461242,0.046610169491525424,0.02157567832625041,0.5838900553540752
empirical_no_finite_correction,exchangeable_retained_rc_wall,14,0.1,0.25,0.043478260869565216,0.053180396246089674,0.024995915700049012,0.584176369536171
empirical_no_finite_correction,exchangeable_retained_rc_wall,15,0.1,0.25,0.04344729344729345,0.05321739130434783,0.025004085634907663,0.5839854934147738
empirical_no_finite_correction,exchangeable_retained_rc_wall,16,0.1,0.25,0.046689895470383276,0.050124422324920016,0.02290448343079922,0.5875167016606223
empirical_no_finite_correction,exchangeable_retained_rc_wall,17,0.1,0.25,0.052127659574468084,0.04470834788683199,0.02100082034454471,0.5816949799580072
empirical_no_finite_correction,exchangeable_retained_rc_wall,18,0.1,0.25,0.0478156174750602,0.04899135446685879,0.022017160433867575,0.589520900935293
empirical_no_finite_correction,exchangeable_retained_rc_wall,19,0.1,0.25,0.04675231977159172,0.04998264491496009,0.023591087811271297,0.5825539225042947
empirical_no_finite_correction,exchangeable_retained_rc_wall,20,0.1,0.25,0.050699300699300696,0.04605030109812257,0.021193348549070755,0.5854170643252529
empirical_no_finite_correction,exchangeable_retained_rc_wall,21,0.1,0.25,0.04746723343960326,0.0493006993006993,0.023164120256283883,0.5809314754724184
empirical_no_finite_correction,exchangeable_retained_rc_wall,22,0.1,0.25,0.05032974661575842,0.046395431834404,0.02106627775076973,0.5889482725711014
empirical_no_finite_correction,exchangeable_retained_rc_wall,23,0.1,0.25,0.05042016806722689,0.04633887513264945,0.02140872691616277,0.5839854934147738
empirical_no_finite_correction,exchangeable_retained_rc_wall,24,0.1,0.25,0.045871559633027525,0.05089505089505089,0.02384084182834594,0.5804542851689254
empirical_no_finite_correction,exchangeable_retained_rc_wall,25,0.1,0.25,0.047058823529411764,0.04968728283530229,0.023446466633874407,0.5820767322008017
empirical_no_finite_correction,exchangeable_retained_rc_wall,26,0.1,0.25,0.05266929415979935,0.04426002766251729,0.02112559828354514,0.5782592097728574
empirical_no_finite_correction,exchangeable_retained_rc_wall,27,0.1,0.25,0.04896090172595984,0.04781997187060478,0.022486772486772486,0.5772093911051728
empirical_no_finite_correction,exchangeable_retained_rc_wall,28,0.1,0.25,0.04940434477925718,0.04736656062212796,0.021945627251883395,0.582744798625692
empirical_no_finite_correction,exchangeable_retained_rc_wall,29,0.1,0.25,0.043509272467902996,0.05314345258770407,0.024995915700049012,0.584176369536171
empirical_no_finite_correction,exchangeable_retained_rc_wall,30,0.1,0.25,0.052372583479789105,0.04439746300211417,0.020618556701030927,0.583221988929185
empirical_no_finite_correction,exchangeable_retained_rc_wall,31,0.1,0.25,0.04612676056338028,0.050650721069293,0.02330097087378641,0.5898072151173888
empirical_no_finite_correction,exchangeable_retained_rc_wall,32,0.1,0.25,0.04688050757842792,0.049894588896697116,0.023157208088714937,0.5852261882038557
empirical_no_finite_correction,exchangeable_retained_rc_wall,33,0.1,0.25,0.0516106685140284,0.045064377682403435,0.020471161657189277,0.5874212635999236
empirical_no_finite_correction,exchangeable_retained_rc_wall,34,0.1,0.25,0.05439773931472978,0.042426367461430574,0.019706840390879478,0.5859896926894446
empirical_no_finite_correction,exchangeable_retained_rc_wall,35,0.1,0.25,0.04847207586933614,0.04830747531734838,0.022283669486011713,0.5867531971750334
empirical_no_finite_correction,exchangeable_retained_rc_wall,36,0.1,0.25,0.048171589310829814,0.04860866502289538,0.02246459384665473,0.5862760068715404
empirical_no_finite_correction,exchangeable_retained_rc_wall,37,0.1,0.25,0.05362776025236593,0.0431095406360424,0.020009840905363292,0.5818858560794045
empirical_no_finite_correction,exchangeable_retained_rc_wall,38,0.1,0.25,0.05219206680584551,0.044499822000711994,0.02043151356652501,0.5838900553540752
empirical_no_finite_correction,exchangeable_retained_rc_wall,39,0.1,0.25,0.05285264263213161,0.043878273177636234,0.02047556142668428,0.5779728955907616
empirical_no_finite_correction,exchangeable_retained_rc_wall,40,0.1,0.25,0.047533952823445316,0.04922010398613518,0.023316912972085387,0.5812177896545142
empirical_no_finite_correction,exchangeable_retained_rc_wall,41,0.1,0.25,0.049554367201426024,0.0472550382209868,0.022438541494802837,0.5784500858942546
empirical_no_finite_correction,exchangeable_retained_rc_wall,42,0.1,0.25,0.050681579867179305,0.04606661941885188,0.021427394099225318,0.5790227142584463
empirical_no_finite_correction,exchangeable_retained_rc_wall,43,0.1,0.25,0.04713330988392543,0.049647887323943665,0.022979139504563234,0.5856079404466501
empirical_no_finite_correction,exchangeable_retained_rc_wall,44,0.1,0.25,0.05121865065347934,0.0455820476858345,0.021413276231263382,0.5794044665012407
empirical_no_finite_correction,exchangeable_retained_rc_wall,45,0.1,0.25,0.04798870853916726,0.048789048789048786,0.022701290217213784,0.5843672456575683
empirical_no_finite_correction,exchangeable_retained_rc_wall,46,0.1,0.25,0.05027548209366391,0.046419575386829795,0.021030322791000977,0.5854170643252529
empirical_no_finite_correction,exchangeable_retained_rc_wall,47,0.1,0.25,0.043717728055077454,0.05327573794096472,0.023794212218649517,0.5936247375453331
empirical_no_finite_correction,exchangeable_retained_rc_wall,48,0.1,0.25,0.04953338119167265,0.04729030031066621,0.022577455504284773,0.5791181523191449
empirical_no_finite_correction,exchangeable_retained_rc_wall,49,0.1,0.25,0.049825783972125434,0.04692499111269108,0.0215933256993293,0.5834128650505822
empirical_no_finite_correction,domain_blocked_rc_wall_to_esm,0,0.1,0.25,0.048389934893542146,0.08083333333333333,0.05623188405797101,0.46938775510204084
empirical_no_finite_correction,event_blocked_esm_leave_one_event,seed0:esm:EMSC-20161026_0000095,0.1,0.25,0.0875,,0.0,0.5816326530612245
empirical_no_finite_correction,event_blocked_esm_leave_one_event,seed0:esm:EMSC-20161030_0000029,0.1,0.25,0.0830945558739255,0.11764705882352941,0.1276595744680851,0.19583333333333333
empirical_no_finite_correction,event_blocked_esm_leave_one_event,seed0:esm:INT-20230206_0000008,0.1,0.25,0.09451219512195122,0.05555555555555555,0.027972027972027972,0.6244541484716157
empirical_no_finite_correction,event_blocked_esm_leave_one_event,seed0:esm:INT-20230206_0000222,0.1,0.25,0.09066666666666667,0.04,0.09090909090909091,0.28205128205128205
empirical_no_finite_correction,event_blocked_esm_leave_one_event,seed0:esm:INT-UT19990920_174715,0.1,0.5,0.03543307086614173,0.0,0.0,0.1306532663316583
empirical_no_finite_correction,event_blocked_esm_leave_one_event,seed0:esm:INT-UT19991022_021856,0.1,0.25,0.0875,,0.0,0.9864864864864865
empirical_no_finite_correction,event_blocked_esm_leave_one_event,seed0:esm:IS-2000-0048,0.1,0.25,0.0875,,0.0,0.7692307692307693
empirical_no_finite_correction,event_blocked_esm_leave_one_event,seed0:esm:IS-2000-0053,0.1,0.25,0.08791208791208792,0.08333333333333333,0.03571428571428571,0.6268656716417911
empirical_no_finite_correction,event_blocked_esm_leave_one_event,seed0:esm:IS-2008-0054,0.1,0.25,0.0829145728643216,1.0,0.03571428571428571,0.6666666666666666
empirical_no_finite_correction,event_blocked_esm_leave_one_event,seed0:esm:TK-1999-0415,0.1,0.25,0.058666666666666666,0.52,0.8666666666666667,0.5555555555555556
empirical_no_finite_correction,event_blocked_esm_leave_one_event,seed0:esm:UZ-1976-0001,0.1,0.25,0.09243697478991597,0.046511627906976744,0.1111111111111111,0.2903225806451613
empirical_no_finite_correction,event_blocked_esm_leave_one_event,seed1:esm:EMSC-20161026_0000095,0.1,0.25,0.075,,0.0,0.7653061224489796
empirical_no_finite_correction,event_blocked_esm_leave_one_event,seed1:esm:EMSC-20161030_0000029,0.1,0.1,0.08882521489971347,0.19607843137254902,0.12345679012345678,0.3375
empirical_no_finite_correction,event_blocked_esm_leave_one_event,seed1:esm:INT-20230206_0000008,0.1,0.25,0.08841463414634146,0.013888888888888888,0.007246376811594203,0.6026200873362445
empirical_no_finite_correction,event_blocked_esm_leave_one_event,seed1:esm:INT-20230206_0000222,0.1,0.25,0.08,0.0,0.0,0.2564102564102564
empirical_no_finite_correction,event_blocked_esm_leave_one_event,seed1:esm:INT-UT19990920_174715,0.1,0.25,0.0984251968503937,0.03424657534246575,0.15625,0.16080402010050251
empirical_no_finite_correction,event_blocked_esm_leave_one_event,seed1:esm:INT-UT19991022_021856,0.1,0.25,0.075,,0.0,0.9594594594594594
empirical_no_finite_correction,event_blocked_esm_leave_one_event,seed1:esm:IS-2000-0048,0.1,0.25,0.075,,0.0,0.8461538461538461
empirical_no_finite_correction,event_blocked_esm_leave_one_event,seed1:esm:IS-2000-0053,0.1,0.25,0.07417582417582418,0.08333333333333333,0.03571428571428571,0.6268656716417911
empirical_no_finite_correction,event_blocked_esm_leave_one_event,seed1:esm:IS-2008-0054,0.1,0.1,0.09798994974874371,1.0,0.02631578947368421,0.9047619047619048
empirical_no_finite_correction,event_blocked_esm_leave_one_event,seed1:esm:TK-1999-0415,0.1,0.0,0.096,0.72,0.9,0.7407407407407407
empirical_no_finite_correction,event_blocked_esm_leave_one_event,seed1:esm:UZ-1976-0001,0.1,0.25,0.08403361344537816,0.0,0.0,0.24193548387096775
empirical_no_finite_correction,event_blocked_esm_leave_one_event,seed2:esm:EMSC-20161026_0000095,0.1,0.25,0.08,,0.0,0.6224489795918368
empirical_no_finite_correction,event_blocked_esm_leave_one_event,seed2:esm:EMSC-20161030_0000029,0.1,0.25,0.0659025787965616,0.17647058823529413,0.16981132075471697,0.22083333333333333
empirical_no_finite_correction,event_blocked_esm_leave_one_event,seed2:esm:INT-20230206_0000008,0.1,0.25,0.0975609756097561,0.0,0.0,0.5764192139737991
empirical_no_finite_correction,event_blocked_esm_leave_one_event,seed2:esm:INT-20230206_0000222,0.1,0.25,0.08533333333333333,0.0,0.0,0.3076923076923077
empirical_no_finite_correction,event_blocked_esm_leave_one_event,seed2:esm:INT-UT19990920_174715,0.1,0.5,0.01968503937007874,0.0,0.0,0.08040201005025126
empirical_no_finite_correction,event_blocked_esm_leave_one_event,seed2:esm:INT-UT19991022_021856,0.1,0.25,0.08,,0.0,1.0
empirical_no_finite_correction,event_blocked_esm_leave_one_event,seed2:esm:IS-2000-0048,0.1,0.25,0.08,,0.0,0.7435897435897436
empirical_no_finite_correction,event_blocked_esm_leave_one_event,seed2:esm:IS-2000-0053,0.1,0.25,0.07692307692307693,0.1111111111111111,0.0449438202247191,0.664179104477612
empirical_no_finite_correction,event_blocked_esm_leave_one_event,seed2:esm:IS-2008-0054,0.1,0.25,0.07537688442211055,1.0,0.03389830508474576,0.7023809523809523
empirical_no_finite_correction,event_blocked_esm_leave_one_event,seed2:esm:TK-1999-0415,0.1,0.25,0.05333333333333334,0.48,0.8571428571428571,0.5185185185185185
empirical_no_finite_correction,event_blocked_esm_leave_one_event,seed2:esm:UZ-1976-0001,0.1,0.25,0.0896358543417367,0.0,0.0,0.24193548387096775
